STATE_NAME,TOTAL_WORKS,ML_ANOMALIES,ML_ANOMALY_RATE_PERCENT,FEATURE,ANOMALY_MEDIAN,NORMAL_MEDIAN,NORMAL_STD,STANDARDIZED_DIFFERENCE,ABS_STANDARDIZED_DIFFERENCE
Andhra Pradesh,3709,71,1.9142626044756001,ACTUAL_MINUS_SANCTION,-97721.0,0.0,9002.43581730419,-10.854951035825646,10.854951035825646
Andhra Pradesh,3709,71,1.9142626044756001,AVERAGE_PAYMENT_ABOVE_1M,1.0,0.0,0.16744164051319058,5.9722300673542605,5.9722300673542605
Andhra Pradesh,3709,71,1.9142626044756001,ACTUAL_TO_RECOMMENDED_RATIO,0.8876545,1.0,0.03549274218837267,-3.165309104710542,3.165309104710542
Andhra Pradesh,3709,71,1.9142626044756001,ACTUAL_TO_SANCTION_RATIO,0.8876545,1.0,0.03581434499921114,-3.13688551340181,3.13688551340181
Andhra Pradesh,3709,71,1.9142626044756001,SANCTION_TO_COMPLETION_DAYS,323.0,106.0,79.11664239240866,2.742785758320065,2.742785758320065
Andhra Pradesh,3709,71,1.9142626044756001,PEER_MEDIAN_SANCTION,2000000.0,499013.0,697427.3976208878,2.1521767070239424,2.1521767070239424
Andhra Pradesh,3709,71,1.9142626044756001,IS_COMPLETED,1.0,0.0,0.46631070578499173,2.1444929048253156,2.1444929048253156
Andhra Pradesh,3709,71,1.9142626044756001,HAS_ACTUAL_AMOUNT,1.0,0.0,0.46631070578499173,2.1444929048253156,2.1444929048253156
Andhra Pradesh,3709,71,1.9142626044756001,PEER_MEAN_SANCTION,2000000.0,498787.0,705072.2041962034,2.129162078813493,2.129162078813493
Andhra Pradesh,3709,71,1.9142626044756001,COMPLETION_YEAR,2026.0,2025.0,0.4713691817962078,2.121479380958641,2.121479380958641
Andhra Pradesh,3709,71,1.9142626044756001,SANCTION_AMOUNT,2000000.0,496700.0,738647.7433282259,2.0352055679834287,2.0352055679834287
Andhra Pradesh,3709,71,1.9142626044756001,RECOMMENDED_AMOUNT,2000000.0,496815.0,742522.0267247814,2.0244315264699364,2.0244315264699364
Andhra Pradesh,3709,71,1.9142626044756001,NO_PAYMENT_RECORD,0.0,1.0,0.49774910259452065,-2.0090443052282625,2.0090443052282625
Andhra Pradesh,3709,71,1.9142626044756001,COMPLETION_DURATION_DAYS,356.0,203.0,81.53265733982643,1.8765486737700596,1.8765486737700596
Andhra Pradesh,3709,71,1.9142626044756001,RECOMMENDATION_TO_COMPLETION_DAYS,356.0,203.0,81.53265733982643,1.8765486737700596,1.8765486737700596
Andhra Pradesh,3709,71,1.9142626044756001,REMAINING_SANCTION_AMOUNT,222657.5,0.0,137221.7622199857,1.622610702543295,1.622610702543295
Andhra Pradesh,3709,71,1.9142626044756001,DISBURSED_TO_RECOMMENDED_RATIO,0.8499156462585034,1.0,0.10377958787113319,-1.446183751739906,1.446183751739906
Andhra Pradesh,3709,71,1.9142626044756001,DISBURSED_TO_SANCTION_RATIO,0.8512044897959183,1.0,0.10417045841521451,-1.4283849036258967,1.4283849036258967
Andhra Pradesh,3709,71,1.9142626044756001,REMAINING_SANCTION_RATIO,0.1487955102040816,0.0,0.10417045841521451,1.4283849036258962,1.4283849036258962
Andhra Pradesh,3709,71,1.9142626044756001,AVERAGE_PAYMENT_AMOUNT,1128284.75,454505.5,478737.6573638748,1.4074080859026297,1.4074080859026297
Andhra Pradesh,3709,71,1.9142626044756001,TOTAL_FUND_DISBURSED_AMT,1194234.0,471741.0,514214.07329579967,1.405043225225749,1.405043225225749
Andhra Pradesh,3709,71,1.9142626044756001,PEER_MEDIAN_DISBURSED,1194234.0,471741.0,514214.07329579967,1.405043225225749,1.405043225225749
Andhra Pradesh,3709,71,1.9142626044756001,MISSING_FIELD_COUNT,2.0,5.0,2.1803600761883826,-1.3759195248357687,1.3759195248357687
Andhra Pradesh,3709,71,1.9142626044756001,DATA_COMPLETENESS_RATIO,0.8181818181818181,0.5454545454545454,0.19821455238076208,1.3759195248357685,1.3759195248357685
Andhra Pradesh,3709,71,1.9142626044756001,MP_AVG_SANCTION_AMOUNT,875854.9565217391,561986.4732824428,405853.36260281265,0.7733543988065043,0.7733543988065043
Andhra Pradesh,3709,71,1.9142626044756001,CONSTITUENCY_AVG_SANCTION,875854.9565217391,561986.4732824428,405853.36260281265,0.7733543988065043,0.7733543988065043
Andhra Pradesh,3709,71,1.9142626044756001,ACTUAL_AMOUNT,816519.0,453431.5,487270.5565871753,0.7451455769112159,0.7451455769112159
Andhra Pradesh,3709,71,1.9142626044756001,MP_WORK_COUNT,115.0,214.0,137.72683419187663,-0.7188141699538113,0.7188141699538113
Andhra Pradesh,3709,71,1.9142626044756001,CONSTITUENCY_WORK_COUNT,115.0,214.0,137.72683419187663,-0.7188141699538113,0.7188141699538113
Andhra Pradesh,3709,71,1.9142626044756001,PAYMENTS_PER_100_DAYS,1.4235055724417427,2.9631255487269534,2.3508075511765703,-0.6549323765421108,0.6549323765421108
Andhra Pradesh,3709,71,1.9142626044756001,PAYMENTS_PER_30_DAYS,0.4270516717325228,0.888937664618086,0.7052422653529711,-0.6549323765421107,0.6549323765421107
Andhra Pradesh,3709,71,1.9142626044756001,MP_TOTAL_DISBURSED,43504398.0,54686118.0,19242827.544464216,-0.5810850808781873,0.5810850808781873
Andhra Pradesh,3709,71,1.9142626044756001,CONSTITUENCY_TOTAL_DISBURSED,43504398.0,54686118.0,19242827.544464216,-0.5810850808781873,0.5810850808781873
Andhra Pradesh,3709,71,1.9142626044756001,DISBURSED_PER_EXPENDITURE_DAY,19500.284975369457,12762.615277777779,14269.66740237488,0.47216725573227714,0.47216725573227714
Andhra Pradesh,3709,71,1.9142626044756001,RECOMMENDATION_TO_FIRST_PAYMENT_DAYS,266.5,207.5,132.2834129516012,0.44601207879015375,0.44601207879015375
Andhra Pradesh,3709,71,1.9142626044756001,SANCTION_TO_FIRST_PAYMENT_DAYS,201.5,154.0,123.16122751445909,0.38567332397221776,0.38567332397221776
Andhra Pradesh,3709,71,1.9142626044756001,MP_TOTAL_SANCTIONED,101632500.0,114354934.0,33083019.70788102,-0.3845608445763876,0.3845608445763876
Andhra Pradesh,3709,71,1.9142626044756001,CONSTITUENCY_TOTAL_SANCTIONED,101632500.0,114354934.0,33083019.70788102,-0.3845608445763876,0.3845608445763876
Andhra Pradesh,3709,71,1.9142626044756001,MP_TOTAL_RECOMMENDED,106480215.0,116854934.0,33589735.44313798,-0.3088657550626658,0.3088657550626658
Andhra Pradesh,3709,71,1.9142626044756001,ATTACH_ID,1988324.5,1884274.0,342910.9192129127,0.30343303222547796,0.30343303222547796
Andhra Pradesh,3709,71,1.9142626044756001,RECOMMENDATION_MONTH,6.0,7.0,3.457474605757257,-0.2892284438864243,0.2892284438864243
Andhra Pradesh,3709,71,1.9142626044756001,PAYMENT_AFTER_REPORTED_COMPLETION_DAYS,2.0,4.5,35.211654284335246,-0.07099922030962871,0.07099922030962871
Andhra Pradesh,3709,71,1.9142626044756001,RECOMMENDATION_TO_SANCTION_DAYS,33.0,36.0,61.75866876528861,-0.04857617659152243,0.04857617659152243
Andhra Pradesh,3709,71,1.9142626044756001,LAST_PAYMENT_TO_COMPLETION_DAYS,-1.0,0.0,23.040222960357145,-0.043402357768872,0.043402357768872
Andhra Pradesh,3709,71,1.9142626044756001,MP_MEDIAN_SANCTION_AMOUNT,500000.0,494724.5,328299.0029615495,0.01606919287725607,0.01606919287725607
Andhra Pradesh,3709,71,1.9142626044756001,PAYMENT_COUNT,1.0,1.0,0.1937266279647787,0.0,0.0
Andhra Pradesh,3709,71,1.9142626044756001,EXPENDITURE_DURATION_DAYS,0.0,0.0,22.194889188881195,0.0,0.0
Andhra Pradesh,3709,71,1.9142626044756001,UNIQUE_VENDOR_COUNT,1.0,1.0,0.06968367004423964,0.0,0.0
Andhra Pradesh,3709,71,1.9142626044756001,UNIQUE_VENDOR_NAME_COUNT,1.0,1.0,0.06968367004423964,0.0,0.0
Andhra Pradesh,3709,71,1.9142626044756001,PAYMENT_SUCCESS_COUNT,1.0,1.0,0.2610446154813892,0.0,0.0
Andhra Pradesh,3709,71,1.9142626044756001,PAYMENT_IN_PROGRESS_COUNT,0.0,0.0,0.17828949454821655,0.0,0.0
Andhra Pradesh,3709,71,1.9142626044756001,FLAG,1.0,1.0,0.15280302944527938,0.0,0.0
Andhra Pradesh,3709,71,1.9142626044756001,PAYMENT_SUCCESS_RATIO,1.0,1.0,0.17457617385500002,0.0,0.0
Andhra Pradesh,3709,71,1.9142626044756001,PAYMENT_IN_PROGRESS_RATIO,0.0,0.0,0.17457617385500002,0.0,0.0
Andhra Pradesh,3709,71,1.9142626044756001,PAYMENTS_PER_VENDOR,1.0,1.0,0.18144690898338672,0.0,0.0
Andhra Pradesh,3709,71,1.9142626044756001,HAS_ACTUAL_END_DATE,0.0,0.0,0.1757197887712071,0.0,0.0
Andhra Pradesh,3709,71,1.9142626044756001,PEER_COUNT,1.0,1.0,51.304633573471264,0.0,0.0
Andhra Pradesh,3709,71,1.9142626044756001,SANCTION_TO_PEER_MEDIAN,1.0,1.0,0.3473304545798071,0.0,0.0
Andhra Pradesh,3709,71,1.9142626044756001,CATEGORY_WORK_COUNT,102324.0,102324.0,15419.607863971072,0.0,0.0
Andhra Pradesh,3709,71,1.9142626044756001,ACTIVITY_WORK_COUNT,1.0,1.0,1185.2284505894302,0.0,0.0
Andhra Pradesh,3709,71,1.9142626044756001,MULTIPLE_PAYMENTS,0.0,0.0,0.1284166657849139,0.0,0.0
Andhra Pradesh,3709,71,1.9142626044756001,MULTIPLE_VENDORS,0.0,0.0,0.037052260027605186,0.0,0.0
Andhra Pradesh,3709,71,1.9142626044756001,COMPLETION_BEFORE_LAST_PAYMENT,0.0,0.0,0.10168105667967917,0.0,0.0
Andhra Pradesh,3709,71,1.9142626044756001,RECOMMENDATION_YEAR,2025.0,2025.0,0.6685053815441186,0.0,0.0
Andhra Pradesh,3709,71,1.9142626044756001,SANCTION_YEAR,2025.0,2025.0,0.5691295326508753,0.0,0.0
Andhra Pradesh,3709,71,1.9142626044756001,FIRST_PAYMENT_YEAR,2026.0,2026.0,0.539547857972382,0.0,0.0
Andhra Pradesh,3709,71,1.9142626044756001,SANCTION_ABOVE_2X_PEER_MEDIAN,0.0,0.0,0.09338666203110875,0.0,0.0
Andhra Pradesh,3709,71,1.9142626044756001,SANCTION_ABOVE_5X_PEER_MEDIAN,0.0,0.0,0.04382875624294262,0.0,0.0
Andhra Pradesh,3709,71,1.9142626044756001,TOTAL_DISBURSED_ABOVE_5M,0.0,0.0,0.01657939400769678,0.0,0.0
Andhra Pradesh,3709,71,1.9142626044756001,HOUSE_OF_PARLIAMENT,2.0,2.0,0.0,,
Andhra Pradesh,3709,71,1.9142626044756001,AVERAGE_RATING,0.0,0.0,0.0,,
Andhra Pradesh,3709,71,1.9142626044756001,ACTUAL_VS_DISBURSED_RATIO,1.0,1.0,0.0,,
Andhra Pradesh,3709,71,1.9142626044756001,RECOMMENDED_TO_SANCTION_DIFFERENCE,0.0,0.0,0.0,,
Andhra Pradesh,3709,71,1.9142626044756001,SANCTION_TO_RECOMMENDED_RATIO,1.0,1.0,0.0,,
Andhra Pradesh,3709,71,1.9142626044756001,ACTUAL_MINUS_DISBURSED,0.0,0.0,0.0,,
Andhra Pradesh,3709,71,1.9142626044756001,STATE_WORK_COUNT,3709.0,3709.0,0.0,,
Andhra Pradesh,3709,71,1.9142626044756001,STATE_TOTAL_RECOMMENDED,2354241413.0,2354241413.0,0.0,,
Andhra Pradesh,3709,71,1.9142626044756001,STATE_TOTAL_SANCTIONED,2341858494.0,2341858494.0,0.0,,
Andhra Pradesh,3709,71,1.9142626044756001,STATE_TOTAL_DISBURSED,959950129.0,959950129.0,0.0,,
Andhra Pradesh,3709,71,1.9142626044756001,STATE_AVG_WORK_COST,646565.0176697957,646565.0176697957,0.0,,
Andhra Pradesh,3709,71,1.9142626044756001,DISBURSED_TO_PEER_MEDIAN,1.0,1.0,0.0,,
Andhra Pradesh,3709,71,1.9142626044756001,PAYMENT_COUNT_GE_5,0.0,0.0,0.0,,
Andhra Pradesh,3709,71,1.9142626044756001,PAYMENT_COUNT_GE_10,0.0,0.0,0.0,,
Andhra Pradesh,3709,71,1.9142626044756001,VENDOR_COUNT_GE_5,0.0,0.0,0.0,,
Andhra Pradesh,3709,71,1.9142626044756001,VENDOR_COUNT_GE_10,0.0,0.0,0.0,,
Andhra Pradesh,3709,71,1.9142626044756001,NEGATIVE_RECOMMENDATION_TO_SANCTION,0.0,0.0,0.0,,
Andhra Pradesh,3709,71,1.9142626044756001,NEGATIVE_SANCTION_TO_PAYMENT,0.0,0.0,0.0,,
Andhra Pradesh,3709,71,1.9142626044756001,ACTUAL_ABOVE_SANCTION,0.0,0.0,0.0,,
Andhra Pradesh,3709,71,1.9142626044756001,DISBURSED_ABOVE_SANCTION,0.0,0.0,0.0,,
Andhra Pradesh,3709,71,1.9142626044756001,DISBURSED_MINUS_ACTUAL,0.0,0.0,0.0,,
Andhra Pradesh,3709,71,1.9142626044756001,DISBURSED_ABOVE_2X_PEER_MEDIAN,0.0,0.0,0.0,,
Arunachal Pradesh,303,7,2.31023102310231,PEER_MEDIAN_SANCTION,2000000.0,500000.0,433406.631730038,3.460953040825471,3.460953040825471
Arunachal Pradesh,303,7,2.31023102310231,PEER_MEAN_SANCTION,2000000.0,525000.0,432198.17508166,3.412786275002924,3.412786275002924
Arunachal Pradesh,303,7,2.31023102310231,RECOMMENDED_AMOUNT,2000000.0,500000.0,445893.4808338263,3.3640321387856615,3.3640321387856615
Arunachal Pradesh,303,7,2.31023102310231,SANCTION_AMOUNT,2000000.0,500000.0,446415.93715023546,3.3600950933236833,3.3600950933236833
Arunachal Pradesh,303,7,2.31023102310231,TOTAL_FUND_DISBURSED_AMT,2000000.0,500000.0,463863.45481258,3.2337102318311794,3.2337102318311794
Arunachal Pradesh,303,7,2.31023102310231,PEER_MEDIAN_DISBURSED,2000000.0,500000.0,463863.45481258,3.2337102318311794,3.2337102318311794
Arunachal Pradesh,303,7,2.31023102310231,ACTUAL_AMOUNT,2000000.0,500000.0,471562.8380547948,3.1809122325828874,3.1809122325828874
Arunachal Pradesh,303,7,2.31023102310231,MULTIPLE_PAYMENTS,1.0,0.0,0.4235265206533678,2.3611272287206844,2.3611272287206844
Arunachal Pradesh,303,7,2.31023102310231,PAYMENT_COUNT,3.0,1.0,0.8635808928744985,2.315938224782671,2.315938224782671
Arunachal Pradesh,303,7,2.31023102310231,SANCTION_YEAR,2026.0,2025.0,0.6049094178622377,1.6531400743172762,1.6531400743172762
Arunachal Pradesh,303,7,2.31023102310231,RECOMMENDATION_TO_FIRST_PAYMENT_DAYS,196.5,108.0,73.6519184531868,1.201598028383343,1.201598028383343
Arunachal Pradesh,303,7,2.31023102310231,RECOMMENDATION_TO_SANCTION_DAYS,143.0,70.0,61.29296282270984,1.191001326060103,1.191001326060103
Arunachal Pradesh,303,7,2.31023102310231,PAYMENT_SUCCESS_COUNT,2.0,1.0,0.8683478594963167,1.1516122128521717,1.1516122128521717
Arunachal Pradesh,303,7,2.31023102310231,FIRST_PAYMENT_YEAR,2025.5,2026.0,0.5792370398045223,-0.8632044666355196,0.8632044666355196
Arunachal Pradesh,303,7,2.31023102310231,ATTACH_ID,2116882.0,1862301.5,350100.1060374804,0.7271648754449265,0.7271648754449265
Arunachal Pradesh,303,7,2.31023102310231,PAYMENTS_PER_VENDOR,1.25,1.0,0.3840922064540466,0.6508853754363026,0.6508853754363026
Arunachal Pradesh,303,7,2.31023102310231,SANCTION_TO_FIRST_PAYMENT_DAYS,28.5,21.0,50.9870270076313,0.14709624075311284,0.14709624075311284
Arunachal Pradesh,303,7,2.31023102310231,AVERAGE_PAYMENT_AMOUNT,458333.3333333334,500000.0,475638.59341413056,-0.087601526124244,0.087601526124244
Arunachal Pradesh,303,7,2.31023102310231,EXPENDITURE_DURATION_DAYS,0.5,0.0,9.135961568476928,0.054728776632031725,0.054728776632031725
Arunachal Pradesh,303,7,2.31023102310231,DISBURSED_TO_SANCTION_RATIO,1.0,1.0,0.004677818483007697,0.0,0.0
Arunachal Pradesh,303,7,2.31023102310231,REMAINING_SANCTION_AMOUNT,0.0,0.0,2909.057357561647,0.0,0.0
Arunachal Pradesh,303,7,2.31023102310231,UNIQUE_VENDOR_COUNT,1.0,1.0,0.6775435665676411,0.0,0.0
Arunachal Pradesh,303,7,2.31023102310231,UNIQUE_VENDOR_NAME_COUNT,1.0,1.0,0.6775435665676411,0.0,0.0
Arunachal Pradesh,303,7,2.31023102310231,PAYMENT_IN_PROGRESS_COUNT,0.0,0.0,0.0652328073053442,0.0,0.0
Arunachal Pradesh,303,7,2.31023102310231,FLAG,1.0,1.0,0.14116198626891138,0.0,0.0
Arunachal Pradesh,303,7,2.31023102310231,ACTUAL_TO_SANCTION_RATIO,1.0,1.0,0.0034521912793475046,0.0,0.0
Arunachal Pradesh,303,7,2.31023102310231,ACTUAL_TO_RECOMMENDED_RATIO,1.0,1.0,0.0034838865083275813,0.0,0.0
Arunachal Pradesh,303,7,2.31023102310231,DISBURSED_TO_RECOMMENDED_RATIO,1.0,1.0,0.004717722151288747,0.0,0.0
Arunachal Pradesh,303,7,2.31023102310231,REMAINING_SANCTION_RATIO,0.0,0.0,0.004677818483007701,0.0,0.0
Arunachal Pradesh,303,7,2.31023102310231,PAYMENT_SUCCESS_RATIO,1.0,1.0,0.0652328073053442,0.0,0.0
Arunachal Pradesh,303,7,2.31023102310231,PAYMENT_IN_PROGRESS_RATIO,0.0,0.0,0.0652328073053442,0.0,0.0
Arunachal Pradesh,303,7,2.31023102310231,IS_COMPLETED,1.0,1.0,0.43758383791957944,0.0,0.0
Arunachal Pradesh,303,7,2.31023102310231,HAS_ACTUAL_AMOUNT,1.0,1.0,0.43758383791957944,0.0,0.0
Arunachal Pradesh,303,7,2.31023102310231,ACTUAL_MINUS_SANCTION,0.0,0.0,2244.3989700584657,0.0,0.0
Arunachal Pradesh,303,7,2.31023102310231,MP_WORK_COUNT,172.0,172.0,20.346355054272077,0.0,0.0
Arunachal Pradesh,303,7,2.31023102310231,CONSTITUENCY_WORK_COUNT,172.0,172.0,20.346355054272077,0.0,0.0
Arunachal Pradesh,303,7,2.31023102310231,STATE_AVG_WORK_COST,765846.2323232323,765846.2323232323,1.1661246899919998e-10,0.0,0.0
Arunachal Pradesh,303,7,2.31023102310231,MP_TOTAL_RECOMMENDED,134193323.0,134193323.0,19815521.13216893,0.0,0.0
Arunachal Pradesh,303,7,2.31023102310231,MP_TOTAL_SANCTIONED,133193323.0,133193323.0,19319268.56986961,0.0,0.0
Arunachal Pradesh,303,7,2.31023102310231,MP_TOTAL_DISBURSED,98534470.0,98534470.0,4268493.5869997265,0.0,0.0
Arunachal Pradesh,303,7,2.31023102310231,MP_AVG_SANCTION_AMOUNT,802369.4156626506,802369.4156626506,41091.92995960074,0.0,0.0
Arunachal Pradesh,303,7,2.31023102310231,MP_MEDIAN_SANCTION_AMOUNT,700000.0,700000.0,99250.5124598638,0.0,0.0
Arunachal Pradesh,303,7,2.31023102310231,CONSTITUENCY_TOTAL_SANCTIONED,133193323.0,133193323.0,19319268.56986961,0.0,0.0
Arunachal Pradesh,303,7,2.31023102310231,CONSTITUENCY_TOTAL_DISBURSED,98534470.0,98534470.0,4268493.5869997265,0.0,0.0
Arunachal Pradesh,303,7,2.31023102310231,CONSTITUENCY_AVG_SANCTION,802369.4156626506,802369.4156626506,41091.92995960074,0.0,0.0
Arunachal Pradesh,303,7,2.31023102310231,PEER_COUNT,1.0,1.0,3.4050701868763036,0.0,0.0
Arunachal Pradesh,303,7,2.31023102310231,SANCTION_TO_PEER_MEDIAN,1.0,1.0,0.15075309124318606,0.0,0.0
Arunachal Pradesh,303,7,2.31023102310231,CATEGORY_WORK_COUNT,102324.0,102324.0,16386.460005656954,0.0,0.0
Arunachal Pradesh,303,7,2.31023102310231,ACTIVITY_WORK_COUNT,1.0,1.0,821.0729211292544,0.0,0.0
Arunachal Pradesh,303,7,2.31023102310231,NO_PAYMENT_RECORD,0.0,0.0,0.4051743882934813,0.0,0.0
Arunachal Pradesh,303,7,2.31023102310231,MULTIPLE_VENDORS,0.0,0.0,0.3923220978901133,0.0,0.0
Arunachal Pradesh,303,7,2.31023102310231,PAYMENT_COUNT_GE_5,0.0,0.0,0.11565503859477608,0.0,0.0
Arunachal Pradesh,303,7,2.31023102310231,VENDOR_COUNT_GE_5,0.0,0.0,0.0820600542076616,0.0,0.0
Arunachal Pradesh,303,7,2.31023102310231,MISSING_FIELD_COUNT,1.0,1.0,2.0882033474590025,0.0,0.0
Arunachal Pradesh,303,7,2.31023102310231,DATA_COMPLETENESS_RATIO,0.9090909090909092,0.9090909090909092,0.18983666795081844,0.0,0.0
Arunachal Pradesh,303,7,2.31023102310231,RECOMMENDATION_YEAR,2025.0,2025.0,0.6927988340505127,0.0,0.0
Arunachal Pradesh,303,7,2.31023102310231,RECOMMENDATION_MONTH,8.0,8.0,2.8317533970807114,0.0,0.0
Arunachal Pradesh,303,7,2.31023102310231,AVERAGE_PAYMENT_ABOVE_1M,0.0,0.0,0.28353827479779375,0.0,0.0
Arunachal Pradesh,303,7,2.31023102310231,HOUSE_OF_PARLIAMENT,2.0,2.0,0.0,,
Arunachal Pradesh,303,7,2.31023102310231,AVERAGE_RATING,0.0,0.0,0.0,,
Arunachal Pradesh,303,7,2.31023102310231,ACTUAL_VS_DISBURSED_RATIO,1.0,1.0,0.0,,
Arunachal Pradesh,303,7,2.31023102310231,RECOMMENDED_TO_SANCTION_DIFFERENCE,0.0,0.0,0.0,,
Arunachal Pradesh,303,7,2.31023102310231,SANCTION_TO_RECOMMENDED_RATIO,1.0,1.0,0.0,,
Arunachal Pradesh,303,7,2.31023102310231,HAS_ACTUAL_END_DATE,0.0,0.0,0.0,,
Arunachal Pradesh,303,7,2.31023102310231,ACTUAL_MINUS_DISBURSED,0.0,0.0,0.0,,
Arunachal Pradesh,303,7,2.31023102310231,STATE_WORK_COUNT,303.0,303.0,0.0,,
Arunachal Pradesh,303,7,2.31023102310231,STATE_TOTAL_RECOMMENDED,228456331.0,228456331.0,0.0,,
Arunachal Pradesh,303,7,2.31023102310231,STATE_TOTAL_SANCTIONED,227456331.0,227456331.0,0.0,,
Arunachal Pradesh,303,7,2.31023102310231,STATE_TOTAL_DISBURSED,188467486.0,188467486.0,0.0,,
Arunachal Pradesh,303,7,2.31023102310231,DISBURSED_TO_PEER_MEDIAN,1.0,1.0,0.0,,
Arunachal Pradesh,303,7,2.31023102310231,PAYMENT_COUNT_GE_10,0.0,0.0,0.0,,
Arunachal Pradesh,303,7,2.31023102310231,VENDOR_COUNT_GE_10,0.0,0.0,0.0,,
Arunachal Pradesh,303,7,2.31023102310231,NEGATIVE_RECOMMENDATION_TO_SANCTION,0.0,0.0,0.0,,
Arunachal Pradesh,303,7,2.31023102310231,NEGATIVE_SANCTION_TO_PAYMENT,0.0,0.0,0.0,,
Arunachal Pradesh,303,7,2.31023102310231,COMPLETION_BEFORE_LAST_PAYMENT,0.0,0.0,0.0,,
Arunachal Pradesh,303,7,2.31023102310231,ACTUAL_ABOVE_SANCTION,0.0,0.0,0.0,,
Arunachal Pradesh,303,7,2.31023102310231,DISBURSED_ABOVE_SANCTION,0.0,0.0,0.0,,
Arunachal Pradesh,303,7,2.31023102310231,DISBURSED_MINUS_ACTUAL,0.0,0.0,0.0,,
Arunachal Pradesh,303,7,2.31023102310231,SANCTION_ABOVE_2X_PEER_MEDIAN,0.0,0.0,0.0,,
Arunachal Pradesh,303,7,2.31023102310231,SANCTION_ABOVE_5X_PEER_MEDIAN,0.0,0.0,0.0,,
Arunachal Pradesh,303,7,2.31023102310231,DISBURSED_ABOVE_2X_PEER_MEDIAN,0.0,0.0,0.0,,
Arunachal Pradesh,303,7,2.31023102310231,TOTAL_DISBURSED_ABOVE_5M,0.0,0.0,0.0,,
Assam,2290,72,3.14410480349345,MULTIPLE_PAYMENTS,1.0,0.0,0.45729039235615326,2.186794248721425,2.186794248721425
Assam,2290,72,3.14410480349345,FIRST_PAYMENT_YEAR,2026.0,2025.0,0.5369676030958688,1.862309745009817,1.862309745009817
Assam,2290,72,3.14410480349345,DISBURSED_TO_RECOMMENDED_RATIO,0.7286345,0.9969127272727273,0.22088716903586433,-1.2145487148199556,1.2145487148199556
Assam,2290,72,3.14410480349345,DISBURSED_TO_SANCTION_RATIO,0.73371725,0.9969127272727273,0.22077155829075973,-1.1921620670271964,1.1921620670271964
Assam,2290,72,3.14410480349345,REMAINING_SANCTION_RATIO,0.26628275,0.0030872727272727,0.22077155829075973,1.1921620670271964,1.1921620670271964
Assam,2290,72,3.14410480349345,ATTACH_ID,2178365.0,1882333.0,251241.11960251417,1.1782784620142952,1.1782784620142952
Assam,2290,72,3.14410480349345,DISBURSED_PER_EXPENDITURE_DAY,10397.855494505495,3071.4892665474063,7817.78740193712,0.937140632161823,0.937140632161823
Assam,2290,72,3.14410480349345,MP_TOTAL_DISBURSED,68375068.0,49053373.0,20669770.01369471,0.9347803573623922,0.9347803573623922
Assam,2290,72,3.14410480349345,CONSTITUENCY_TOTAL_DISBURSED,68375068.0,49053373.0,20669770.01369471,0.9347803573623922,0.9347803573623922
Assam,2290,72,3.14410480349345,PEER_MEDIAN_SANCTION,820109.5,400000.0,487429.0876008902,0.8618884483643867,0.8618884483643867
Assam,2290,72,3.14410480349345,SANCTION_TO_FIRST_PAYMENT_DAYS,87.0,26.0,74.97938705461812,0.8135569307277086,0.8135569307277086
Assam,2290,72,3.14410480349345,REMAINING_SANCTION_AMOUNT,141793.5,1082.0,185839.5628083072,0.7571665466364843,0.7571665466364843
Assam,2290,72,3.14410480349345,PAYMENTS_PER_100_DAYS,4.890202702702703,1.861909576773075,4.041062800628004,0.7493803673278757,0.7493803673278757
Assam,2290,72,3.14410480349345,PAYMENTS_PER_30_DAYS,1.4670608108108107,0.5585728730319226,1.2123188401884015,0.7493803673278754,0.7493803673278754
Assam,2290,72,3.14410480349345,MP_AVG_SANCTION_AMOUNT,797600.1146496815,547482.843575419,355521.3096608123,0.7035225857850508,0.7035225857850508
Assam,2290,72,3.14410480349345,CONSTITUENCY_AVG_SANCTION,797600.1146496815,547482.843575419,355521.3096608123,0.7035225857850508,0.7035225857850508
Assam,2290,72,3.14410480349345,RECOMMENDED_AMOUNT,940219.0,500000.0,626824.7945731735,0.7022999150819492,0.7022999150819492
Assam,2290,72,3.14410480349345,PEER_MEAN_SANCTION,820109.5,500000.0,479315.69783802686,0.6678468939028432,0.6678468939028432
Assam,2290,72,3.14410480349345,ACTUAL_AMOUNT,861293.5,499190.0,607535.050448077,0.5960207558937328,0.5960207558937328
Assam,2290,72,3.14410480349345,SANCTION_AMOUNT,820109.5,500000.0,627231.6417366752,0.5103529201965684,0.5103529201965684
Assam,2290,72,3.14410480349345,RECOMMENDATION_TO_FIRST_PAYMENT_DAYS,246.0,198.0,118.43467438488321,0.4052867139568599,0.4052867139568599
Assam,2290,72,3.14410480349345,TOTAL_FUND_DISBURSED_AMT,508984.5,319649.0,510689.00947636104,0.3707452020440711,0.3707452020440711
Assam,2290,72,3.14410480349345,PEER_MEDIAN_DISBURSED,508984.5,319649.0,510689.00947636104,0.3707452020440711,0.3707452020440711
Assam,2290,72,3.14410480349345,RECOMMENDATION_TO_SANCTION_DAYS,140.0,158.0,114.22763465317153,-0.1575800816908558,0.1575800816908558
Assam,2290,72,3.14410480349345,AVERAGE_PAYMENT_AMOUNT,165617.8,200000.0,359983.2149143242,-0.09551056431390267,0.09551056431390267
Assam,2290,72,3.14410480349345,EXPENDITURE_DURATION_DAYS,28.0,34.5,117.20009290021335,-0.055460706891540076,0.055460706891540076
Assam,2290,72,3.14410480349345,ACTUAL_MINUS_SANCTION,-208.5,0.0,3809.7072147266513,-0.05472861515289962,0.05472861515289962
Assam,2290,72,3.14410480349345,ACTUAL_TO_SANCTION_RATIO,0.999305,1.0,0.01781944541691631,-0.039002336141181225,0.039002336141181225
Assam,2290,72,3.14410480349345,ACTUAL_TO_RECOMMENDED_RATIO,0.999305,1.0,0.017863421761422995,-0.03890631981275225,0.03890631981275225
Assam,2290,72,3.14410480349345,MP_TOTAL_RECOMMENDED,97999429.0,98800000.0,20882826.21892987,-0.03833633396203327,0.03833633396203327
Assam,2290,72,3.14410480349345,MP_TOTAL_SANCTIONED,97999429.0,98800000.0,20890558.944735005,-0.03832214361127785,0.03832214361127785
Assam,2290,72,3.14410480349345,CONSTITUENCY_TOTAL_SANCTIONED,97999429.0,98800000.0,20890558.944735005,-0.03832214361127785,0.03832214361127785
Assam,2290,72,3.14410480349345,PAYMENT_COUNT,2.0,2.0,1.2436190035588752,0.0,0.0
Assam,2290,72,3.14410480349345,UNIQUE_VENDOR_COUNT,1.0,1.0,0.2632378677024517,0.0,0.0
Assam,2290,72,3.14410480349345,UNIQUE_VENDOR_NAME_COUNT,1.0,1.0,0.2632378677024517,0.0,0.0
Assam,2290,72,3.14410480349345,PAYMENT_SUCCESS_COUNT,2.0,2.0,1.2419821579242918,0.0,0.0
Assam,2290,72,3.14410480349345,PAYMENT_IN_PROGRESS_COUNT,0.0,0.0,0.1853418374432631,0.0,0.0
Assam,2290,72,3.14410480349345,FLAG,1.0,1.0,0.0561021847250109,0.0,0.0
Assam,2290,72,3.14410480349345,PAYMENT_SUCCESS_RATIO,1.0,1.0,0.09630780802575478,0.0,0.0
Assam,2290,72,3.14410480349345,PAYMENT_IN_PROGRESS_RATIO,0.0,0.0,0.09630780802575477,0.0,0.0
Assam,2290,72,3.14410480349345,PAYMENTS_PER_VENDOR,2.0,2.0,1.1448661001956149,0.0,0.0
Assam,2290,72,3.14410480349345,IS_COMPLETED,0.0,0.0,0.28713581109610786,0.0,0.0
Assam,2290,72,3.14410480349345,HAS_ACTUAL_AMOUNT,0.0,0.0,0.28713581109610786,0.0,0.0
Assam,2290,72,3.14410480349345,MP_WORK_COUNT,157.0,157.0,137.54111915115882,0.0,0.0
Assam,2290,72,3.14410480349345,CONSTITUENCY_WORK_COUNT,157.0,157.0,137.54111915115882,0.0,0.0
Assam,2290,72,3.14410480349345,STATE_AVG_WORK_COST,645355.2168199737,645355.2168199737,1.1644157401394728e-10,0.0,0.0
Assam,2290,72,3.14410480349345,MP_MEDIAN_SANCTION_AMOUNT,500000.0,500000.0,351749.99592416844,0.0,0.0
Assam,2290,72,3.14410480349345,PEER_COUNT,1.0,1.0,98.87592881827968,0.0,0.0
Assam,2290,72,3.14410480349345,SANCTION_TO_PEER_MEDIAN,1.0,1.0,1.1989156805789438,0.0,0.0
Assam,2290,72,3.14410480349345,CATEGORY_WORK_COUNT,102324.0,102324.0,17270.096232979617,0.0,0.0
Assam,2290,72,3.14410480349345,ACTIVITY_WORK_COUNT,1.0,1.0,1509.7879902220361,0.0,0.0
Assam,2290,72,3.14410480349345,NO_PAYMENT_RECORD,0.0,0.0,0.4987101308666291,0.0,0.0
Assam,2290,72,3.14410480349345,MULTIPLE_VENDORS,0.0,0.0,0.1711961481872304,0.0,0.0
Assam,2290,72,3.14410480349345,PAYMENT_COUNT_GE_5,0.0,0.0,0.14101733487992707,0.0,0.0
Assam,2290,72,3.14410480349345,PAYMENT_COUNT_GE_10,0.0,0.0,0.021233384741779292,0.0,0.0
Assam,2290,72,3.14410480349345,MISSING_FIELD_COUNT,2.0,2.0,1.9616748674646838,0.0,0.0
Assam,2290,72,3.14410480349345,DATA_COMPLETENESS_RATIO,0.8181818181818181,0.8181818181818181,0.1783340788604258,0.0,0.0
Assam,2290,72,3.14410480349345,RECOMMENDATION_YEAR,2025.0,2025.0,0.5928427861907971,0.0,0.0
Assam,2290,72,3.14410480349345,RECOMMENDATION_MONTH,7.0,7.0,3.1440805085799277,0.0,0.0
Assam,2290,72,3.14410480349345,SANCTION_YEAR,2025.0,2025.0,0.5409639543984456,0.0,0.0
Assam,2290,72,3.14410480349345,SANCTION_ABOVE_2X_PEER_MEDIAN,0.0,0.0,0.21144895524633803,0.0,0.0
Assam,2290,72,3.14410480349345,SANCTION_ABOVE_5X_PEER_MEDIAN,0.0,0.0,0.06700942897197786,0.0,0.0
Assam,2290,72,3.14410480349345,AVERAGE_PAYMENT_ABOVE_1M,0.0,0.0,0.14554150722311282,0.0,0.0
Assam,2290,72,3.14410480349345,HOUSE_OF_PARLIAMENT,2.0,2.0,0.0,,
Assam,2290,72,3.14410480349345,AVERAGE_RATING,0.0,0.0,0.0,,
Assam,2290,72,3.14410480349345,ACTUAL_VS_DISBURSED_RATIO,1.0,1.0,0.0,,
Assam,2290,72,3.14410480349345,RECOMMENDED_TO_SANCTION_DIFFERENCE,0.0,0.0,0.0,,
Assam,2290,72,3.14410480349345,SANCTION_TO_RECOMMENDED_RATIO,1.0,1.0,0.0,,
Assam,2290,72,3.14410480349345,HAS_ACTUAL_END_DATE,0.0,0.0,0.0,,
Assam,2290,72,3.14410480349345,ACTUAL_MINUS_DISBURSED,0.0,0.0,0.0,,
Assam,2290,72,3.14410480349345,STATE_WORK_COUNT,2290.0,2290.0,0.0,,
Assam,2290,72,3.14410480349345,STATE_TOTAL_RECOMMENDED,1474345960.0,1474345960.0,0.0,,
Assam,2290,72,3.14410480349345,STATE_TOTAL_SANCTIONED,1473345960.0,1473345960.0,0.0,,
Assam,2290,72,3.14410480349345,STATE_TOTAL_DISBURSED,680322083.0,680322083.0,0.0,,
Assam,2290,72,3.14410480349345,DISBURSED_TO_PEER_MEDIAN,1.0,1.0,0.0,,
Assam,2290,72,3.14410480349345,VENDOR_COUNT_GE_5,0.0,0.0,0.0,,
Assam,2290,72,3.14410480349345,VENDOR_COUNT_GE_10,0.0,0.0,0.0,,
Assam,2290,72,3.14410480349345,NEGATIVE_RECOMMENDATION_TO_SANCTION,0.0,0.0,0.0,,
Assam,2290,72,3.14410480349345,NEGATIVE_SANCTION_TO_PAYMENT,0.0,0.0,0.0,,
Assam,2290,72,3.14410480349345,COMPLETION_BEFORE_LAST_PAYMENT,0.0,0.0,0.0,,
Assam,2290,72,3.14410480349345,ACTUAL_ABOVE_SANCTION,0.0,0.0,0.0,,
Assam,2290,72,3.14410480349345,DISBURSED_ABOVE_SANCTION,0.0,0.0,0.0,,
Assam,2290,72,3.14410480349345,DISBURSED_MINUS_ACTUAL,0.0,0.0,0.0,,
Assam,2290,72,3.14410480349345,DISBURSED_ABOVE_2X_PEER_MEDIAN,0.0,0.0,0.0,,
Assam,2290,72,3.14410480349345,TOTAL_DISBURSED_ABOVE_5M,0.0,0.0,0.0,,
Bihar,5872,50,0.8514986376021799,HAS_ACTUAL_END_DATE,1.0,0.0,0.1754183337372237,5.700658412922778,5.700658412922778
Bihar,5872,50,0.8514986376021799,AVERAGE_PAYMENT_ABOVE_1M,1.0,0.0,0.30043759057808866,3.328478297525434,3.328478297525434
Bihar,5872,50,0.8514986376021799,COMPLETION_YEAR,2025.0,2026.0,0.45334635127964407,-2.2058190105144484,2.2058190105144484
Bihar,5872,50,0.8514986376021799,IS_COMPLETED,1.0,0.0,0.4988375788381918,2.0046605196204967,2.0046605196204967
Bihar,5872,50,0.8514986376021799,HAS_ACTUAL_AMOUNT,1.0,0.0,0.4988375788381918,2.0046605196204967,2.0046605196204967
Bihar,5872,50,0.8514986376021799,FIRST_PAYMENT_YEAR,2025.0,2026.0,0.5169120885305322,-1.9345649331645174,1.9345649331645174
Bihar,5872,50,0.8514986376021799,PAYMENT_AFTER_REPORTED_COMPLETION_DAYS,3.0,1.0,1.044792606975945,1.9142555054910027,1.9142555054910027
Bihar,5872,50,0.8514986376021799,COMPLETION_DURATION_DAYS,47.0,214.0,89.81108355072129,-1.859458692597622,1.859458692597622
Bihar,5872,50,0.8514986376021799,RECOMMENDATION_TO_COMPLETION_DAYS,47.0,214.0,89.81108355072129,-1.859458692597622,1.859458692597622
Bihar,5872,50,0.8514986376021799,ATTACH_ID,1387714.0,1935018.0,337168.3490252766,-1.6232365866553211,1.6232365866553211
Bihar,5872,50,0.8514986376021799,RECOMMENDATION_TO_FIRST_PAYMENT_DAYS,50.0,182.0,120.95998989820635,-1.091269932405619,1.091269932405619
Bihar,5872,50,0.8514986376021799,SANCTION_TO_COMPLETION_DAYS,23.0,79.0,52.011059340990485,-1.076694086018467,1.076694086018467
Bihar,5872,50,0.8514986376021799,AVERAGE_PAYMENT_AMOUNT,1249000.0,640000.0,568160.1294434043,1.0718809160308456,1.0718809160308456
Bihar,5872,50,0.8514986376021799,TOTAL_FUND_DISBURSED_AMT,1249000.0,649100.0,572479.6132492484,1.0478975776886106,1.0478975776886106
Bihar,5872,50,0.8514986376021799,PEER_MEDIAN_DISBURSED,1249000.0,649100.0,572479.6132492484,1.0478975776886106,1.0478975776886106
Bihar,5872,50,0.8514986376021799,ACTUAL_AMOUNT,1249000.0,649100.0,595199.5275907435,1.00789730534277,1.00789730534277
Bihar,5872,50,0.8514986376021799,DATA_COMPLETENESS_RATIO,1.0,0.8181818181818181,0.20145846857105373,0.9025095003839723,0.9025095003839723
Bihar,5872,50,0.8514986376021799,MISSING_FIELD_COUNT,0.0,2.0,2.216043154281591,-0.9025095003839719,0.9025095003839719
Bihar,5872,50,0.8514986376021799,RECOMMENDATION_TO_SANCTION_DAYS,24.0,82.0,84.65663166557758,-0.6851205730594111,0.6851205730594111
Bihar,5872,50,0.8514986376021799,RECOMMENDATION_MONTH,4.0,6.0,2.9489192376136164,-0.6782145724745179,0.6782145724745179
Bihar,5872,50,0.8514986376021799,MP_TOTAL_DISBURSED,92486814.0,73566109.0,30222016.632004123,0.6260569977968841,0.6260569977968841
Bihar,5872,50,0.8514986376021799,CONSTITUENCY_TOTAL_DISBURSED,92486814.0,73566109.0,30222016.632004123,0.6260569977968841,0.6260569977968841
Bihar,5872,50,0.8514986376021799,SANCTION_TO_FIRST_PAYMENT_DAYS,30.0,81.0,85.82919331401581,-0.5942034176344957,0.5942034176344957
Bihar,5872,50,0.8514986376021799,PEER_MEDIAN_SANCTION,1249000.0,649100.0,1400758.4394871923,0.4282679890328693,0.4282679890328693
Bihar,5872,50,0.8514986376021799,RECOMMENDED_AMOUNT,1249000.0,649100.0,1411963.6637288507,0.42486929048565303,0.42486929048565303
Bihar,5872,50,0.8514986376021799,SANCTION_AMOUNT,1249000.0,649100.0,1412308.4276883325,0.4247655740339359,0.4247655740339359
Bihar,5872,50,0.8514986376021799,PEER_MEAN_SANCTION,1249000.0,666366.6931407942,1399148.6103383007,0.41641988746165476,0.41641988746165476
Bihar,5872,50,0.8514986376021799,MP_WORK_COUNT,157.0,189.0,81.49320420134138,-0.392670779282885,0.392670779282885
Bihar,5872,50,0.8514986376021799,CONSTITUENCY_WORK_COUNT,157.0,189.0,81.49320420134138,-0.392670779282885,0.392670779282885
Bihar,5872,50,0.8514986376021799,MP_AVG_SANCTION_AMOUNT,833257.891025641,659548.8038277512,501302.3241213604,0.3465156230870307,0.3465156230870307
Bihar,5872,50,0.8514986376021799,CONSTITUENCY_AVG_SANCTION,833257.891025641,659548.8038277512,501302.3241213604,0.3465156230870307,0.3465156230870307
Bihar,5872,50,0.8514986376021799,MP_TOTAL_SANCTIONED,129988231.0,137845700.0,28745872.686209027,-0.2733425102717323,0.2733425102717323
Bihar,5872,50,0.8514986376021799,CONSTITUENCY_TOTAL_SANCTIONED,129988231.0,137845700.0,28745872.686209027,-0.2733425102717323,0.2733425102717323
Bihar,5872,50,0.8514986376021799,MP_TOTAL_RECOMMENDED,129988231.0,137845700.0,28880489.48717445,-0.2720684150277102,0.2720684150277102
Bihar,5872,50,0.8514986376021799,LAST_PAYMENT_TO_COMPLETION_DAYS,-3.0,0.0,17.40558381169925,-0.17235848176396906,0.17235848176396906
Bihar,5872,50,0.8514986376021799,MP_MEDIAN_SANCTION_AMOUNT,697000.0,642000.0,342796.0305072642,0.16044526512927196,0.16044526512927196
Bihar,5872,50,0.8514986376021799,PAYMENTS_PER_100_DAYS,1.4390344543016298,1.7704661182922052,6.906354524595586,-0.04798937888436636,0.04798937888436636
Bihar,5872,50,0.8514986376021799,PAYMENTS_PER_30_DAYS,0.43171033629048894,0.5311398354876615,2.071906357378676,-0.04798937888436633,0.04798937888436633
Bihar,5872,50,0.8514986376021799,DISBURSED_PER_EXPENDITURE_DAY,7911.926430842608,8800.004192535504,34967.2749301667,-0.025397396950905652,0.025397396950905652
Bihar,5872,50,0.8514986376021799,PAYMENT_COUNT,1.0,1.0,0.19806042158439413,0.0,0.0
Bihar,5872,50,0.8514986376021799,EXPENDITURE_DURATION_DAYS,0.0,0.0,28.926335233756692,0.0,0.0
Bihar,5872,50,0.8514986376021799,DISBURSED_TO_SANCTION_RATIO,1.0,1.0,0.05132754550290257,0.0,0.0
Bihar,5872,50,0.8514986376021799,REMAINING_SANCTION_AMOUNT,0.0,0.0,61793.35216928093,0.0,0.0
Bihar,5872,50,0.8514986376021799,UNIQUE_VENDOR_COUNT,1.0,1.0,0.02898448578576344,0.0,0.0
Bihar,5872,50,0.8514986376021799,UNIQUE_VENDOR_NAME_COUNT,1.0,1.0,0.02898448578576344,0.0,0.0
Bihar,5872,50,0.8514986376021799,PAYMENT_SUCCESS_COUNT,1.0,1.0,0.22348567422487892,0.0,0.0
Bihar,5872,50,0.8514986376021799,PAYMENT_IN_PROGRESS_COUNT,0.0,0.0,0.10528587917882128,0.0,0.0
Bihar,5872,50,0.8514986376021799,FLAG,1.0,1.0,0.07507992749136881,0.0,0.0
Bihar,5872,50,0.8514986376021799,ACTUAL_TO_SANCTION_RATIO,1.0,1.0,0.005228173629701173,0.0,0.0
Bihar,5872,50,0.8514986376021799,ACTUAL_TO_RECOMMENDED_RATIO,1.0,1.0,0.005247508865338534,0.0,0.0
Bihar,5872,50,0.8514986376021799,DISBURSED_TO_RECOMMENDED_RATIO,1.0,1.0,0.05150367186878495,0.0,0.0
Bihar,5872,50,0.8514986376021799,REMAINING_SANCTION_RATIO,0.0,0.0,0.05132754550290257,0.0,0.0
Bihar,5872,50,0.8514986376021799,PAYMENT_SUCCESS_RATIO,1.0,1.0,0.10330012844690274,0.0,0.0
Bihar,5872,50,0.8514986376021799,PAYMENT_IN_PROGRESS_RATIO,0.0,0.0,0.10330012844690274,0.0,0.0
Bihar,5872,50,0.8514986376021799,PAYMENTS_PER_VENDOR,1.0,1.0,0.19606875670156834,0.0,0.0
Bihar,5872,50,0.8514986376021799,ACTUAL_MINUS_SANCTION,0.0,0.0,3682.502946596552,0.0,0.0
Bihar,5872,50,0.8514986376021799,STATE_AVG_WORK_COST,748587.7081692071,748587.7081692071,1.1642532099567362e-10,0.0,0.0
Bihar,5872,50,0.8514986376021799,PEER_COUNT,1.0,1.0,80.61144647732769,0.0,0.0
Bihar,5872,50,0.8514986376021799,SANCTION_TO_PEER_MEDIAN,1.0,1.0,18585.54298417183,0.0,0.0
Bihar,5872,50,0.8514986376021799,CATEGORY_WORK_COUNT,102324.0,102324.0,11598.995641796299,0.0,0.0
Bihar,5872,50,0.8514986376021799,ACTIVITY_WORK_COUNT,1.0,1.0,1232.4319443004715,0.0,0.0
Bihar,5872,50,0.8514986376021799,NO_PAYMENT_RECORD,0.0,0.0,0.48710094221899214,0.0,0.0
Bihar,5872,50,0.8514986376021799,MULTIPLE_PAYMENTS,0.0,0.0,0.13494198538030439,0.0,0.0
Bihar,5872,50,0.8514986376021799,MULTIPLE_VENDORS,0.0,0.0,0.02269603046598072,0.0,0.0
Bihar,5872,50,0.8514986376021799,COMPLETION_BEFORE_LAST_PAYMENT,0.0,0.0,0.07947264062355207,0.0,0.0
Bihar,5872,50,0.8514986376021799,RECOMMENDATION_YEAR,2025.0,2025.0,0.6836208877901562,0.0,0.0
Bihar,5872,50,0.8514986376021799,SANCTION_YEAR,2025.0,2025.0,0.5505287202236645,0.0,0.0
Bihar,5872,50,0.8514986376021799,SANCTION_ABOVE_2X_PEER_MEDIAN,0.0,0.0,0.11351537985890858,0.0,0.0
Bihar,5872,50,0.8514986376021799,SANCTION_ABOVE_5X_PEER_MEDIAN,0.0,0.0,0.04141216184386738,0.0,0.0
Bihar,5872,50,0.8514986376021799,HOUSE_OF_PARLIAMENT,2.0,2.0,0.0,,
Bihar,5872,50,0.8514986376021799,AVERAGE_RATING,0.0,0.0,0.0,,
Bihar,5872,50,0.8514986376021799,ACTUAL_VS_DISBURSED_RATIO,1.0,1.0,0.0,,
Bihar,5872,50,0.8514986376021799,RECOMMENDED_TO_SANCTION_DIFFERENCE,0.0,0.0,0.0,,
Bihar,5872,50,0.8514986376021799,SANCTION_TO_RECOMMENDED_RATIO,1.0,1.0,0.0,,
Bihar,5872,50,0.8514986376021799,ACTUAL_MINUS_DISBURSED,0.0,0.0,0.0,,
Bihar,5872,50,0.8514986376021799,STATE_WORK_COUNT,5872.0,5872.0,0.0,,
Bihar,5872,50,0.8514986376021799,STATE_TOTAL_RECOMMENDED,4374103628.0,4374103628.0,0.0,,
Bihar,5872,50,0.8514986376021799,STATE_TOTAL_SANCTIONED,4371003628.0,4371003628.0,0.0,,
Bihar,5872,50,0.8514986376021799,STATE_TOTAL_DISBURSED,2714078646.0,2714078646.0,0.0,,
Bihar,5872,50,0.8514986376021799,DISBURSED_TO_PEER_MEDIAN,1.0,1.0,0.0,,
Bihar,5872,50,0.8514986376021799,PAYMENT_COUNT_GE_5,0.0,0.0,0.0,,
Bihar,5872,50,0.8514986376021799,PAYMENT_COUNT_GE_10,0.0,0.0,0.0,,
Bihar,5872,50,0.8514986376021799,VENDOR_COUNT_GE_5,0.0,0.0,0.0,,
Bihar,5872,50,0.8514986376021799,VENDOR_COUNT_GE_10,0.0,0.0,0.0,,
Bihar,5872,50,0.8514986376021799,NEGATIVE_RECOMMENDATION_TO_SANCTION,0.0,0.0,0.0,,
Bihar,5872,50,0.8514986376021799,NEGATIVE_SANCTION_TO_PAYMENT,0.0,0.0,0.0,,
Bihar,5872,50,0.8514986376021799,ACTUAL_ABOVE_SANCTION,0.0,0.0,0.0,,
Bihar,5872,50,0.8514986376021799,DISBURSED_ABOVE_SANCTION,0.0,0.0,0.0,,
Bihar,5872,50,0.8514986376021799,DISBURSED_MINUS_ACTUAL,0.0,0.0,0.0,,
Bihar,5872,50,0.8514986376021799,DISBURSED_ABOVE_2X_PEER_MEDIAN,0.0,0.0,0.0,,
Bihar,5872,50,0.8514986376021799,TOTAL_DISBURSED_ABOVE_5M,0.0,0.0,0.0,,
Chandigarh,115,8,6.956521739130435,PAYMENT_COUNT_GE_5,1.0,0.0,0.09667364890456633,10.344080432788605,10.344080432788605
Chandigarh,115,8,6.956521739130435,PAYMENT_COUNT,8.5,1.0,0.9976187292568536,7.517902160464551,7.517902160464551
Chandigarh,115,8,6.956521739130435,PAYMENT_SUCCESS_COUNT,8.5,1.0,1.0585402210483865,7.08522912107387,7.08522912107387
Chandigarh,115,8,6.956521739130435,UNIQUE_VENDOR_COUNT,5.5,1.0,0.8877246016009281,5.069139676747351,5.069139676747351
Chandigarh,115,8,6.956521739130435,UNIQUE_VENDOR_NAME_COUNT,5.5,1.0,0.8877246016009281,5.069139676747351,5.069139676747351
Chandigarh,115,8,6.956521739130435,MULTIPLE_VENDORS,1.0,0.0,0.24843009105039038,4.025277275276467,4.025277275276467
Chandigarh,115,8,6.956521739130435,MULTIPLE_PAYMENTS,1.0,0.0,0.27886208558268477,3.5860020121074947,3.5860020121074947
Chandigarh,115,8,6.956521739130435,NO_PAYMENT_RECORD,0.0,1.0,0.49436963918878435,-2.0227779392782073,2.0227779392782073
Chandigarh,115,8,6.956521739130435,SANCTION_YEAR,2025.0,2026.0,0.49952097436481013,-2.0019179400256375,2.0019179400256375
Chandigarh,115,8,6.956521739130435,FIRST_PAYMENT_YEAR,2025.0,2026.0,0.5010559673853124,-1.995785032195813,1.995785032195813
Chandigarh,115,8,6.956521739130435,EXPENDITURE_DURATION_DAYS,66.0,0.0,34.72948920901107,1.9004022662929156,1.9004022662929156
Chandigarh,115,8,6.956521739130435,REMAINING_SANCTION_AMOUNT,152148.5,0.0,83006.0189027903,1.8329815356906056,1.8329815356906056
Chandigarh,115,8,6.956521739130435,MISSING_FIELD_COUNT,1.5,5.0,2.1004991387732828,-1.6662706189177696,1.6662706189177696
Chandigarh,115,8,6.956521739130435,DATA_COMPLETENESS_RATIO,0.8636363636363636,0.5454545454545454,0.1909544671612076,1.6662706189177694,1.6662706189177694
Chandigarh,115,8,6.956521739130435,PAYMENTS_PER_VENDOR,1.3666666666666667,1.0,0.22311875031961353,1.643370026684998,1.643370026684998
Chandigarh,115,8,6.956521739130435,PEER_MEAN_SANCTION,1171500.0,500000.0,418431.5714981141,1.6048024234782832,1.6048024234782832
Chandigarh,115,8,6.956521739130435,PEER_MEDIAN_SANCTION,1171500.0,500000.0,419490.2279494275,1.6007524258251709,1.6007524258251709
Chandigarh,115,8,6.956521739130435,RECOMMENDED_AMOUNT,1171500.0,500000.0,426031.98149569775,1.5761727503238652,1.5761727503238652
Chandigarh,115,8,6.956521739130435,SANCTION_AMOUNT,1171500.0,500000.0,426031.98149569775,1.5761727503238652,1.5761727503238652
Chandigarh,115,8,6.956521739130435,TOTAL_FUND_DISBURSED_AMT,990663.0,459392.5,435827.67918314517,1.2189921048514853,1.2189921048514853
Chandigarh,115,8,6.956521739130435,PEER_MEDIAN_DISBURSED,990663.0,459392.5,435827.67918314517,1.2189921048514853,1.2189921048514853
Chandigarh,115,8,6.956521739130435,RECOMMENDATION_MONTH,4.0,7.0,2.538367203251623,-1.1818621025976974,1.1818621025976974
Chandigarh,115,8,6.956521739130435,IS_COMPLETED,0.5,0.0,0.43639729916163605,1.1457449460859435,1.1457449460859435
Chandigarh,115,8,6.956521739130435,HAS_ACTUAL_AMOUNT,0.5,0.0,0.43639729916163605,1.1457449460859435,1.1457449460859435
Chandigarh,115,8,6.956521739130435,DISBURSED_TO_SANCTION_RATIO,0.8886677343698313,1.0,0.12942171157801552,-0.860228660807484,0.860228660807484
Chandigarh,115,8,6.956521739130435,DISBURSED_TO_RECOMMENDED_RATIO,0.8886677343698313,1.0,0.12942171157801552,-0.860228660807484,0.860228660807484
Chandigarh,115,8,6.956521739130435,REMAINING_SANCTION_RATIO,0.1113322656301687,0.0,0.12942171157801552,0.8602286608074837,0.8602286608074837
Chandigarh,115,8,6.956521739130435,AVERAGE_PAYMENT_AMOUNT,108568.97802197802,332690.5,393428.069290963,-0.5696632738531705,0.5696632738531705
Chandigarh,115,8,6.956521739130435,RECOMMENDATION_TO_FIRST_PAYMENT_DAYS,187.0,240.0,104.92355769716762,-0.5051296502256396,0.5051296502256396
Chandigarh,115,8,6.956521739130435,RECOMMENDATION_TO_SANCTION_DAYS,46.0,71.5,107.19724203733227,-0.2378792543106606,0.2378792543106606
Chandigarh,115,8,6.956521739130435,SANCTION_TO_FIRST_PAYMENT_DAYS,141.0,139.0,79.03758773420047,0.025304416004267513,0.025304416004267513
Chandigarh,115,8,6.956521739130435,PAYMENT_IN_PROGRESS_COUNT,0.0,0.0,0.25497170592935275,0.0,0.0
Chandigarh,115,8,6.956521739130435,FLAG,1.0,1.0,0.1360707648313611,0.0,0.0
Chandigarh,115,8,6.956521739130435,PAYMENT_SUCCESS_RATIO,1.0,1.0,0.2549717059293527,0.0,0.0
Chandigarh,115,8,6.956521739130435,PAYMENT_IN_PROGRESS_RATIO,0.0,0.0,0.25497170592935275,0.0,0.0
Chandigarh,115,8,6.956521739130435,HAS_ACTUAL_END_DATE,0.0,0.0,0.09667364890456633,0.0,0.0
Chandigarh,115,8,6.956521739130435,STATE_AVG_WORK_COST,693656.6283185841,693656.6283185841,3.508894849843571e-10,0.0,0.0
Chandigarh,115,8,6.956521739130435,MP_AVG_SANCTION_AMOUNT,693656.6283185841,693656.6283185841,3.508894849843571e-10,0.0,0.0
Chandigarh,115,8,6.956521739130435,CONSTITUENCY_AVG_SANCTION,693656.6283185841,693656.6283185841,3.508894849843571e-10,0.0,0.0
Chandigarh,115,8,6.956521739130435,PEER_COUNT,1.0,1.0,1.2691141315471242,0.0,0.0
Chandigarh,115,8,6.956521739130435,SANCTION_TO_PEER_MEDIAN,1.0,1.0,0.1653457856085808,0.0,0.0
Chandigarh,115,8,6.956521739130435,CATEGORY_WORK_COUNT,102324.0,102324.0,16848.863455639428,0.0,0.0
Chandigarh,115,8,6.956521739130435,ACTIVITY_WORK_COUNT,1.0,1.0,120.20044242292498,0.0,0.0
Chandigarh,115,8,6.956521739130435,RECOMMENDATION_YEAR,2025.0,2025.0,0.5051314883178571,0.0,0.0
Chandigarh,115,8,6.956521739130435,AVERAGE_PAYMENT_ABOVE_1M,0.0,0.0,0.1360707648313611,0.0,0.0
Chandigarh,115,8,6.956521739130435,HOUSE_OF_PARLIAMENT,2.0,2.0,0.0,,
Chandigarh,115,8,6.956521739130435,RECOMMENDED_TO_SANCTION_DIFFERENCE,0.0,0.0,0.0,,
Chandigarh,115,8,6.956521739130435,SANCTION_TO_RECOMMENDED_RATIO,1.0,1.0,0.0,,
Chandigarh,115,8,6.956521739130435,STATE_WORK_COUNT,115.0,115.0,0.0,,
Chandigarh,115,8,6.956521739130435,MP_WORK_COUNT,115.0,115.0,0.0,,
Chandigarh,115,8,6.956521739130435,CONSTITUENCY_WORK_COUNT,115.0,115.0,0.0,,
Chandigarh,115,8,6.956521739130435,STATE_TOTAL_RECOMMENDED,78383199.0,78383199.0,0.0,,
Chandigarh,115,8,6.956521739130435,STATE_TOTAL_SANCTIONED,78383199.0,78383199.0,0.0,,
Chandigarh,115,8,6.956521739130435,STATE_TOTAL_DISBURSED,31684422.0,31684422.0,0.0,,
Chandigarh,115,8,6.956521739130435,MP_TOTAL_RECOMMENDED,78383199.0,78383199.0,0.0,,
Chandigarh,115,8,6.956521739130435,MP_TOTAL_SANCTIONED,78383199.0,78383199.0,0.0,,
Chandigarh,115,8,6.956521739130435,MP_TOTAL_DISBURSED,31684422.0,31684422.0,0.0,,
Chandigarh,115,8,6.956521739130435,MP_MEDIAN_SANCTION_AMOUNT,500000.0,500000.0,0.0,,
Chandigarh,115,8,6.956521739130435,CONSTITUENCY_TOTAL_SANCTIONED,78383199.0,78383199.0,0.0,,
Chandigarh,115,8,6.956521739130435,CONSTITUENCY_TOTAL_DISBURSED,31684422.0,31684422.0,0.0,,
Chandigarh,115,8,6.956521739130435,DISBURSED_TO_PEER_MEDIAN,1.0,1.0,0.0,,
Chandigarh,115,8,6.956521739130435,PAYMENT_COUNT_GE_10,0.5,0.0,0.0,,
Chandigarh,115,8,6.956521739130435,VENDOR_COUNT_GE_5,1.0,0.0,0.0,,
Chandigarh,115,8,6.956521739130435,VENDOR_COUNT_GE_10,0.0,0.0,0.0,,
Chandigarh,115,8,6.956521739130435,NEGATIVE_RECOMMENDATION_TO_SANCTION,0.0,0.0,0.0,,
Chandigarh,115,8,6.956521739130435,NEGATIVE_SANCTION_TO_PAYMENT,0.0,0.0,0.0,,
Chandigarh,115,8,6.956521739130435,COMPLETION_BEFORE_LAST_PAYMENT,0.0,0.0,0.0,,
Chandigarh,115,8,6.956521739130435,ACTUAL_ABOVE_SANCTION,0.0,0.0,0.0,,
Chandigarh,115,8,6.956521739130435,DISBURSED_ABOVE_SANCTION,0.0,0.0,0.0,,
Chandigarh,115,8,6.956521739130435,SANCTION_ABOVE_2X_PEER_MEDIAN,0.0,0.0,0.0,,
Chandigarh,115,8,6.956521739130435,SANCTION_ABOVE_5X_PEER_MEDIAN,0.0,0.0,0.0,,
Chandigarh,115,8,6.956521739130435,DISBURSED_ABOVE_2X_PEER_MEDIAN,0.0,0.0,0.0,,
Chandigarh,115,8,6.956521739130435,TOTAL_DISBURSED_ABOVE_5M,0.0,0.0,0.0,,
Chhattisgarh,2305,55,2.386117136659436,HAS_ACTUAL_END_DATE,1.0,0.0,0.12888381203277852,7.758926309113777,7.758926309113777
Chhattisgarh,2305,55,2.386117136659436,IS_COMPLETED,1.0,0.0,0.4880082658988407,2.0491456187901744,2.0491456187901744
Chhattisgarh,2305,55,2.386117136659436,HAS_ACTUAL_AMOUNT,1.0,0.0,0.4880082658988407,2.0491456187901744,2.0491456187901744
Chhattisgarh,2305,55,2.386117136659436,MULTIPLE_PAYMENTS,1.0,0.0,0.49949116938051685,2.0020373958567244,2.0020373958567244
Chhattisgarh,2305,55,2.386117136659436,COMPLETION_YEAR,2025.0,2026.0,0.5038966228735667,-1.9845340385440748,1.9845340385440748
Chhattisgarh,2305,55,2.386117136659436,ATTACH_ID,1376435.0,1972069.0,361382.8065922097,-1.64820790899475,1.64820790899475
Chhattisgarh,2305,55,2.386117136659436,SANCTION_TO_COMPLETION_DAYS,124.0,211.0,57.59011122045232,-1.510676019828612,1.510676019828612
Chhattisgarh,2305,55,2.386117136659436,RECOMMENDATION_YEAR,2024.0,2025.0,0.7200919966038686,-1.3887114489763066,1.3887114489763066
Chhattisgarh,2305,55,2.386117136659436,COMPLETION_DURATION_DAYS,139.0,232.0,71.75932292561387,-1.2959988501620108,1.2959988501620108
Chhattisgarh,2305,55,2.386117136659436,RECOMMENDATION_TO_COMPLETION_DAYS,139.0,232.0,71.75932292561387,-1.2959988501620108,1.2959988501620108
Chhattisgarh,2305,55,2.386117136659436,DATA_COMPLETENESS_RATIO,1.0,0.8181818181818181,0.14658825373973186,1.24033254493229,1.24033254493229
Chhattisgarh,2305,55,2.386117136659436,MISSING_FIELD_COUNT,0.0,2.0,1.6124707911370502,-1.2403325449322897,1.2403325449322897
Chhattisgarh,2305,55,2.386117136659436,MP_TOTAL_RECOMMENDED,101457500.0,114661679.0,13541621.24072761,-0.9750811047858343,0.9750811047858343
Chhattisgarh,2305,55,2.386117136659436,MP_TOTAL_SANCTIONED,101457500.0,114661679.0,13541621.24072761,-0.9750811047858343,0.9750811047858343
Chhattisgarh,2305,55,2.386117136659436,CONSTITUENCY_TOTAL_SANCTIONED,101457500.0,114661679.0,13541621.24072761,-0.9750811047858343,0.9750811047858343
Chhattisgarh,2305,55,2.386117136659436,RECOMMENDATION_MONTH,10.0,7.0,3.1503873833208047,0.9522638440856495,0.9522638440856495
Chhattisgarh,2305,55,2.386117136659436,ACTUAL_AMOUNT,179997.0,400000.0,351102.59181803797,-0.6266060266340002,0.6266060266340002
Chhattisgarh,2305,55,2.386117136659436,MP_TOTAL_DISBURSED,61566726.0,69423004.0,15133511.659029402,-0.5191311955221283,0.5191311955221283
Chhattisgarh,2305,55,2.386117136659436,CONSTITUENCY_TOTAL_DISBURSED,61566726.0,69423004.0,15133511.659029402,-0.5191311955221283,0.5191311955221283
Chhattisgarh,2305,55,2.386117136659436,AVERAGE_PAYMENT_AMOUNT,182000.0,247402.75,207989.87784792334,-0.3144516006102025,0.3144516006102025
Chhattisgarh,2305,55,2.386117136659436,LAST_PAYMENT_TO_COMPLETION_DAYS,-10.0,0.0,36.84294451391192,-0.27142238851794254,0.27142238851794254
Chhattisgarh,2305,55,2.386117136659436,RECOMMENDATION_TO_SANCTION_DAYS,40.0,55.0,67.2021113086047,-0.22320727292506015,0.22320727292506015
Chhattisgarh,2305,55,2.386117136659436,TOTAL_FUND_DISBURSED_AMT,250000.0,294748.0,317769.74739271513,-0.14081894317239166,0.14081894317239166
Chhattisgarh,2305,55,2.386117136659436,PEER_MEDIAN_DISBURSED,250000.0,294748.0,317769.74739271513,-0.14081894317239166,0.14081894317239166
Chhattisgarh,2305,55,2.386117136659436,EXPENDITURE_DURATION_DAYS,66.0,48.0,129.95160093828997,0.1385131069570097,0.1385131069570097
Chhattisgarh,2305,55,2.386117136659436,RECOMMENDATION_TO_FIRST_PAYMENT_DAYS,77.0,87.0,104.95273764996658,-0.0952809828872833,0.0952809828872833
Chhattisgarh,2305,55,2.386117136659436,DISBURSED_PER_EXPENDITURE_DAY,1439.976,2427.1844660194174,12653.014130546993,-0.07802160464170287,0.07802160464170287
Chhattisgarh,2305,55,2.386117136659436,SANCTION_TO_FIRST_PAYMENT_DAYS,18.0,17.0,71.12479188842462,0.014059795093231723,0.014059795093231723
Chhattisgarh,2305,55,2.386117136659436,DISBURSED_TO_RECOMMENDED_RATIO,0.9974433333333332,1.0,0.23876186771967353,-0.010708019212131914,0.010708019212131914
Chhattisgarh,2305,55,2.386117136659436,DISBURSED_TO_SANCTION_RATIO,0.9974433333333332,0.999999438887561,0.23881153856597057,-0.010703442428187755,0.010703442428187755
Chhattisgarh,2305,55,2.386117136659436,REMAINING_SANCTION_RATIO,0.0025566666666666,5.61112439077217e-07,0.23881153856597057,0.01070344242818657,0.01070344242818657
Chhattisgarh,2305,55,2.386117136659436,PAYMENTS_PER_100_DAYS,1.6,1.5384615384615383,6.878351420904875,0.008946687625094638,0.008946687625094638
Chhattisgarh,2305,55,2.386117136659436,PAYMENTS_PER_30_DAYS,0.48,0.4615384615384615,2.063505426271462,0.008946687625094613,0.008946687625094613
Chhattisgarh,2305,55,2.386117136659436,REMAINING_SANCTION_AMOUNT,767.0,0.5,169915.14665278659,0.004511075175459818,0.004511075175459818
Chhattisgarh,2305,55,2.386117136659436,RECOMMENDED_AMOUNT,499666.0,499582.0,380835.0298390913,0.00022056794522156038,0.00022056794522156038
Chhattisgarh,2305,55,2.386117136659436,SANCTION_AMOUNT,499666.0,499582.0,380835.0298390913,0.00022056794522156038,0.00022056794522156038
Chhattisgarh,2305,55,2.386117136659436,PEER_MEDIAN_SANCTION,499666.0,499668.0,370103.3246525408,-5.403896335915473e-06,5.403896335915473e-06
Chhattisgarh,2305,55,2.386117136659436,PEER_MEAN_SANCTION,499666.0,499668.0,370134.64697770483,-5.403439035850298e-06,5.403439035850298e-06
Chhattisgarh,2305,55,2.386117136659436,PAYMENT_COUNT,2.0,2.0,0.5094025140710823,0.0,0.0
Chhattisgarh,2305,55,2.386117136659436,UNIQUE_VENDOR_COUNT,1.0,1.0,0.1287361017724529,0.0,0.0
Chhattisgarh,2305,55,2.386117136659436,UNIQUE_VENDOR_NAME_COUNT,1.0,1.0,0.12244987220749338,0.0,0.0
Chhattisgarh,2305,55,2.386117136659436,PAYMENT_SUCCESS_COUNT,2.0,2.0,0.5148009108152409,0.0,0.0
Chhattisgarh,2305,55,2.386117136659436,PAYMENT_IN_PROGRESS_COUNT,0.0,0.0,0.14407525064872476,0.0,0.0
Chhattisgarh,2305,55,2.386117136659436,FLAG,1.0,1.0,0.029807610630498912,0.0,0.0
Chhattisgarh,2305,55,2.386117136659436,ACTUAL_TO_SANCTION_RATIO,1.0,1.0,0.0025658898008787028,0.0,0.0
Chhattisgarh,2305,55,2.386117136659436,ACTUAL_TO_RECOMMENDED_RATIO,1.0,1.0,0.0025658898008787028,0.0,0.0
Chhattisgarh,2305,55,2.386117136659436,PAYMENT_SUCCESS_RATIO,1.0,1.0,0.07741614158673965,0.0,0.0
Chhattisgarh,2305,55,2.386117136659436,PAYMENT_IN_PROGRESS_RATIO,0.0,0.0,0.07741614158673965,0.0,0.0
Chhattisgarh,2305,55,2.386117136659436,PAYMENTS_PER_VENDOR,2.0,2.0,0.510926822369766,0.0,0.0
Chhattisgarh,2305,55,2.386117136659436,ACTUAL_MINUS_SANCTION,0.0,0.0,762.6710826917856,0.0,0.0
Chhattisgarh,2305,55,2.386117136659436,MP_WORK_COUNT,219.0,219.0,83.69580869472249,0.0,0.0
Chhattisgarh,2305,55,2.386117136659436,CONSTITUENCY_WORK_COUNT,219.0,219.0,83.69580869472249,0.0,0.0
Chhattisgarh,2305,55,2.386117136659436,STATE_AVG_WORK_COST,506289.0243161094,506289.0243161094,5.822060026250209e-11,0.0,0.0
Chhattisgarh,2305,55,2.386117136659436,MP_AVG_SANCTION_AMOUNT,484083.8461538461,484083.8461538461,169578.16174052563,0.0,0.0
Chhattisgarh,2305,55,2.386117136659436,MP_MEDIAN_SANCTION_AMOUNT,493719.5,493719.5,163528.8066402328,0.0,0.0
Chhattisgarh,2305,55,2.386117136659436,CONSTITUENCY_AVG_SANCTION,484083.8461538461,484083.8461538461,169578.16174052563,0.0,0.0
Chhattisgarh,2305,55,2.386117136659436,PEER_COUNT,1.0,1.0,7.681401554753102,0.0,0.0
Chhattisgarh,2305,55,2.386117136659436,SANCTION_TO_PEER_MEDIAN,1.0,1.0,0.12844243773319597,0.0,0.0
Chhattisgarh,2305,55,2.386117136659436,CATEGORY_WORK_COUNT,102324.0,102324.0,9020.324158163974,0.0,0.0
Chhattisgarh,2305,55,2.386117136659436,ACTIVITY_WORK_COUNT,1.0,1.0,676.1259875925997,0.0,0.0
Chhattisgarh,2305,55,2.386117136659436,NO_PAYMENT_RECORD,0.0,0.0,0.3861133814091354,0.0,0.0
Chhattisgarh,2305,55,2.386117136659436,MULTIPLE_VENDORS,0.0,0.0,0.11659327764361141,0.0,0.0
Chhattisgarh,2305,55,2.386117136659436,COMPLETION_BEFORE_LAST_PAYMENT,0.0,0.0,0.029807610630498912,0.0,0.0
Chhattisgarh,2305,55,2.386117136659436,SANCTION_YEAR,2025.0,2025.0,0.6838909950762299,0.0,0.0
Chhattisgarh,2305,55,2.386117136659436,FIRST_PAYMENT_YEAR,2025.0,2025.0,0.6685592093543485,0.0,0.0
Chhattisgarh,2305,55,2.386117136659436,SANCTION_ABOVE_2X_PEER_MEDIAN,0.0,0.0,0.047098512166815334,0.0,0.0
Chhattisgarh,2305,55,2.386117136659436,AVERAGE_PAYMENT_ABOVE_1M,0.0,0.0,0.07865275341513246,0.0,0.0
Chhattisgarh,2305,55,2.386117136659436,HOUSE_OF_PARLIAMENT,2.0,2.0,0.0,,
Chhattisgarh,2305,55,2.386117136659436,AVERAGE_RATING,0.0,0.0,0.0,,
Chhattisgarh,2305,55,2.386117136659436,ACTUAL_VS_DISBURSED_RATIO,1.0,1.0,0.0,,
Chhattisgarh,2305,55,2.386117136659436,RECOMMENDED_TO_SANCTION_DIFFERENCE,0.0,0.0,0.0,,
Chhattisgarh,2305,55,2.386117136659436,SANCTION_TO_RECOMMENDED_RATIO,1.0,1.0,0.0,,
Chhattisgarh,2305,55,2.386117136659436,ACTUAL_MINUS_DISBURSED,0.0,0.0,0.0,,
Chhattisgarh,2305,55,2.386117136659436,STATE_WORK_COUNT,2305.0,2305.0,0.0,,
Chhattisgarh,2305,55,2.386117136659436,STATE_TOTAL_RECOMMENDED,1165983623.0,1165983623.0,0.0,,
Chhattisgarh,2305,55,2.386117136659436,STATE_TOTAL_SANCTIONED,1165983623.0,1165983623.0,0.0,,
Chhattisgarh,2305,55,2.386117136659436,STATE_TOTAL_DISBURSED,743568939.5,743568939.5,0.0,,
Chhattisgarh,2305,55,2.386117136659436,DISBURSED_TO_PEER_MEDIAN,1.0,1.0,0.0,,
Chhattisgarh,2305,55,2.386117136659436,PAYMENT_COUNT_GE_5,0.0,0.0,0.0,,
Chhattisgarh,2305,55,2.386117136659436,PAYMENT_COUNT_GE_10,0.0,0.0,0.0,,
Chhattisgarh,2305,55,2.386117136659436,VENDOR_COUNT_GE_5,0.0,0.0,0.0,,
Chhattisgarh,2305,55,2.386117136659436,VENDOR_COUNT_GE_10,0.0,0.0,0.0,,
Chhattisgarh,2305,55,2.386117136659436,NEGATIVE_RECOMMENDATION_TO_SANCTION,0.0,0.0,0.0,,
Chhattisgarh,2305,55,2.386117136659436,NEGATIVE_SANCTION_TO_PAYMENT,0.0,0.0,0.0,,
Chhattisgarh,2305,55,2.386117136659436,ACTUAL_ABOVE_SANCTION,0.0,0.0,0.0,,
Chhattisgarh,2305,55,2.386117136659436,DISBURSED_ABOVE_SANCTION,0.0,0.0,0.0,,
Chhattisgarh,2305,55,2.386117136659436,DISBURSED_MINUS_ACTUAL,0.0,0.0,0.0,,
Chhattisgarh,2305,55,2.386117136659436,SANCTION_ABOVE_5X_PEER_MEDIAN,0.0,0.0,0.0,,
Chhattisgarh,2305,55,2.386117136659436,DISBURSED_ABOVE_2X_PEER_MEDIAN,0.0,0.0,0.0,,
Chhattisgarh,2305,55,2.386117136659436,TOTAL_DISBURSED_ABOVE_5M,0.0,0.0,0.0,,
Delhi,583,14,2.401372212692967,ACTUAL_MINUS_SANCTION,-203293.0,0.0,45919.87551758113,-4.427124370626095,4.427124370626095
Delhi,583,14,2.401372212692967,ACTUAL_TO_SANCTION_RATIO,0.6906831624301613,1.0,0.07909957348416115,-3.9104741523261963,3.9104741523261963
Delhi,583,14,2.401372212692967,ACTUAL_TO_RECOMMENDED_RATIO,0.6906831624301613,1.0,0.07909957348416115,-3.9104741523261963,3.9104741523261963
Delhi,583,14,2.401372212692967,DISBURSED_TO_SANCTION_RATIO,0.7048109616776989,1.0,0.10718995541406649,-2.753887126662277,2.753887126662277
Delhi,583,14,2.401372212692967,DISBURSED_TO_RECOMMENDED_RATIO,0.7048109616776989,1.0,0.10718995541406649,-2.753887126662277,2.753887126662277
Delhi,583,14,2.401372212692967,REMAINING_SANCTION_RATIO,0.29518903832230114,0.0,0.10718995541406649,2.753887126662277,2.753887126662277
Delhi,583,14,2.401372212692967,IS_COMPLETED,1.0,0.0,0.48249641672070526,2.0725542518979028,2.0725542518979028
Delhi,583,14,2.401372212692967,HAS_ACTUAL_AMOUNT,1.0,0.0,0.48249641672070526,2.0725542518979028,2.0725542518979028
Delhi,583,14,2.401372212692967,NO_PAYMENT_RECORD,0.0,1.0,0.4928069948033229,-2.0291919768693534,2.0291919768693534
Delhi,583,14,2.401372212692967,DATA_COMPLETENESS_RATIO,0.9090909090909092,0.5454545454545454,0.19217305242317198,1.8922338957057485,1.8922338957057485
Delhi,583,14,2.401372212692967,MISSING_FIELD_COUNT,1.0,5.0,2.1139035766548915,-1.8922338957057483,1.8922338957057483
Delhi,583,14,2.401372212692967,REMAINING_SANCTION_AMOUNT,215258.5,0.0,158646.40316446795,1.3568445026569091,1.3568445026569091
Delhi,583,14,2.401372212692967,SANCTION_TO_FIRST_PAYMENT_DAYS,198.0,269.0,90.03390281005282,-0.7885918280116191,0.7885918280116191
Delhi,583,14,2.401372212692967,AVERAGE_PAYMENT_AMOUNT,673664.5,426013.0,433551.796766656,0.5712154853167168,0.5712154853167168
Delhi,583,14,2.401372212692967,TOTAL_FUND_DISBURSED_AMT,673664.5,427191.0,440107.9220494964,0.5600296828382938,0.5600296828382938
Delhi,583,14,2.401372212692967,PEER_MEDIAN_DISBURSED,673664.5,427191.0,440107.9220494964,0.5600296828382938,0.5600296828382938
Delhi,583,14,2.401372212692967,RECOMMENDATION_TO_SANCTION_DAYS,87.5,52.0,69.51183584056152,0.5107043940175301,0.5107043940175301
Delhi,583,14,2.401372212692967,ACTUAL_AMOUNT,575325.0,407191.0,442598.38612833375,0.3798793788444783,0.3798793788444783
Delhi,583,14,2.401372212692967,RECOMMENDATION_MONTH,6.0,7.0,3.1880167546596727,-0.31367463754335007,0.31367463754335007
Delhi,583,14,2.401372212692967,MP_TOTAL_RECOMMENDED,69505786.0,77657623.0,26920433.538926963,-0.3028122481093196,0.3028122481093196
Delhi,583,14,2.401372212692967,MP_TOTAL_SANCTIONED,69505786.0,77657623.0,26920433.538926963,-0.3028122481093196,0.3028122481093196
Delhi,583,14,2.401372212692967,CONSTITUENCY_TOTAL_SANCTIONED,69505786.0,77657623.0,26920433.538926963,-0.3028122481093196,0.3028122481093196
Delhi,583,14,2.401372212692967,RECOMMENDATION_TO_FIRST_PAYMENT_DAYS,302.0,322.0,91.8771555459801,-0.21768196763547998,0.21768196763547998
Delhi,583,14,2.401372212692967,RECOMMENDED_AMOUNT,930203.5,646265.0,1305196.371314204,0.217544659363481,0.217544659363481
Delhi,583,14,2.401372212692967,SANCTION_AMOUNT,930203.5,646265.0,1305196.371314204,0.217544659363481,0.217544659363481
Delhi,583,14,2.401372212692967,MP_AVG_SANCTION_AMOUNT,937179.9366666668,785886.6923076923,697794.7251409614,0.21681626258841638,0.21681626258841638
Delhi,583,14,2.401372212692967,CONSTITUENCY_AVG_SANCTION,937179.9366666668,785886.6923076923,697794.7251409614,0.21681626258841638,0.21681626258841638
Delhi,583,14,2.401372212692967,PEER_MEAN_SANCTION,930203.5,678698.0,1167406.9051818713,0.21543944864778555,0.21543944864778555
Delhi,583,14,2.401372212692967,PEER_MEDIAN_SANCTION,930203.5,668305.0,1379664.1659355105,0.18982771783625632,0.18982771783625632
Delhi,583,14,2.401372212692967,MP_MEDIAN_SANCTION_AMOUNT,582110.5,545170.0,209673.11901611695,0.17618138258896457,0.17618138258896457
Delhi,583,14,2.401372212692967,ATTACH_ID,2175444.0,2170109.0,213365.84443154046,0.02500400199579161,0.02500400199579161
Delhi,583,14,2.401372212692967,MP_TOTAL_DISBURSED,24456260.5,24390277.0,5935955.110922387,0.011115902793568605,0.011115902793568605
Delhi,583,14,2.401372212692967,CONSTITUENCY_TOTAL_DISBURSED,24456260.5,24390277.0,5935955.110922387,0.011115902793568605,0.011115902793568605
Delhi,583,14,2.401372212692967,PAYMENT_COUNT,1.0,1.0,0.1296265987401021,0.0,0.0
Delhi,583,14,2.401372212692967,EXPENDITURE_DURATION_DAYS,0.0,0.0,8.839289698349084,0.0,0.0
Delhi,583,14,2.401372212692967,UNIQUE_VENDOR_COUNT,1.0,1.0,0.06523280730534423,0.0,0.0
Delhi,583,14,2.401372212692967,UNIQUE_VENDOR_NAME_COUNT,1.0,1.0,0.06523280730534423,0.0,0.0
Delhi,583,14,2.401372212692967,PAYMENT_SUCCESS_COUNT,1.0,1.0,0.1296265987401021,0.0,0.0
Delhi,583,14,2.401372212692967,PAYMENTS_PER_VENDOR,1.0,1.0,0.11250265196607542,0.0,0.0
Delhi,583,14,2.401372212692967,HAS_ACTUAL_END_DATE,0.0,0.0,0.09341018949542827,0.0,0.0
Delhi,583,14,2.401372212692967,MP_WORK_COUNT,113.0,113.0,30.984221080882598,0.0,0.0
Delhi,583,14,2.401372212692967,CONSTITUENCY_WORK_COUNT,113.0,113.0,30.984221080882598,0.0,0.0
Delhi,583,14,2.401372212692967,STATE_AVG_WORK_COST,998374.9461921096,998374.9461921096,3.4955326511393153e-10,0.0,0.0
Delhi,583,14,2.401372212692967,PEER_COUNT,1.0,1.0,5.934794139626041,0.0,0.0
Delhi,583,14,2.401372212692967,SANCTION_TO_PEER_MEDIAN,1.0,1.0,0.44113604778604487,0.0,0.0
Delhi,583,14,2.401372212692967,CATEGORY_WORK_COUNT,102324.0,102324.0,18600.496528727756,0.0,0.0
Delhi,583,14,2.401372212692967,ACTIVITY_WORK_COUNT,1.0,1.0,699.485000471986,0.0,0.0
Delhi,583,14,2.401372212692967,MULTIPLE_PAYMENTS,0.0,0.0,0.08362264851839671,0.0,0.0
Delhi,583,14,2.401372212692967,MULTIPLE_VENDORS,0.0,0.0,0.04192218081503185,0.0,0.0
Delhi,583,14,2.401372212692967,COMPLETION_BEFORE_LAST_PAYMENT,0.0,0.0,0.059234704494827345,0.0,0.0
Delhi,583,14,2.401372212692967,RECOMMENDATION_YEAR,2025.0,2025.0,0.5333212402813904,0.0,0.0
Delhi,583,14,2.401372212692967,SANCTION_YEAR,2025.0,2025.0,0.5094106469837486,0.0,0.0
Delhi,583,14,2.401372212692967,FIRST_PAYMENT_YEAR,2026.0,2026.0,0.2796355407362307,0.0,0.0
Delhi,583,14,2.401372212692967,SANCTION_ABOVE_2X_PEER_MEDIAN,0.0,0.0,0.11784091962757141,0.0,0.0
Delhi,583,14,2.401372212692967,SANCTION_ABOVE_5X_PEER_MEDIAN,0.0,0.0,0.04192218081503185,0.0,0.0
Delhi,583,14,2.401372212692967,AVERAGE_PAYMENT_ABOVE_1M,0.0,0.0,0.18869901169003866,0.0,0.0
Delhi,583,14,2.401372212692967,PAYMENT_IN_PROGRESS_COUNT,0.0,0.0,0.0,,
Delhi,583,14,2.401372212692967,FLAG,1.0,1.0,0.0,,
Delhi,583,14,2.401372212692967,HOUSE_OF_PARLIAMENT,2.0,2.0,0.0,,
Delhi,583,14,2.401372212692967,AVERAGE_RATING,0.0,0.0,0.0,,
Delhi,583,14,2.401372212692967,ACTUAL_VS_DISBURSED_RATIO,1.0,1.0,0.0,,
Delhi,583,14,2.401372212692967,RECOMMENDED_TO_SANCTION_DIFFERENCE,0.0,0.0,0.0,,
Delhi,583,14,2.401372212692967,SANCTION_TO_RECOMMENDED_RATIO,1.0,1.0,0.0,,
Delhi,583,14,2.401372212692967,PAYMENT_SUCCESS_RATIO,1.0,1.0,0.0,,
Delhi,583,14,2.401372212692967,PAYMENT_IN_PROGRESS_RATIO,0.0,0.0,0.0,,
Delhi,583,14,2.401372212692967,ACTUAL_MINUS_DISBURSED,0.0,0.0,0.0,,
Delhi,583,14,2.401372212692967,STATE_WORK_COUNT,583.0,583.0,0.0,,
Delhi,583,14,2.401372212692967,STATE_TOTAL_RECOMMENDED,582052593.63,582052593.63,0.0,,
Delhi,583,14,2.401372212692967,STATE_TOTAL_SANCTIONED,582052593.63,582052593.63,0.0,,
Delhi,583,14,2.401372212692967,STATE_TOTAL_DISBURSED,157466528.0,157466528.0,0.0,,
Delhi,583,14,2.401372212692967,DISBURSED_TO_PEER_MEDIAN,1.0,1.0,0.0,,
Delhi,583,14,2.401372212692967,PAYMENT_COUNT_GE_5,0.0,0.0,0.0,,
Delhi,583,14,2.401372212692967,PAYMENT_COUNT_GE_10,0.0,0.0,0.0,,
Delhi,583,14,2.401372212692967,VENDOR_COUNT_GE_5,0.0,0.0,0.0,,
Delhi,583,14,2.401372212692967,VENDOR_COUNT_GE_10,0.0,0.0,0.0,,
Delhi,583,14,2.401372212692967,NEGATIVE_RECOMMENDATION_TO_SANCTION,0.0,0.0,0.0,,
Delhi,583,14,2.401372212692967,NEGATIVE_SANCTION_TO_PAYMENT,0.0,0.0,0.0,,
Delhi,583,14,2.401372212692967,ACTUAL_ABOVE_SANCTION,0.0,0.0,0.0,,
Delhi,583,14,2.401372212692967,DISBURSED_ABOVE_SANCTION,0.0,0.0,0.0,,
Delhi,583,14,2.401372212692967,DISBURSED_MINUS_ACTUAL,0.0,0.0,0.0,,
Delhi,583,14,2.401372212692967,DISBURSED_ABOVE_2X_PEER_MEDIAN,0.0,0.0,0.0,,
Delhi,583,14,2.401372212692967,TOTAL_DISBURSED_ABOVE_5M,0.0,0.0,0.0,,
Gujarat,8544,38,0.4447565543071161,DISBURSED_TO_RECOMMENDED_RATIO,0.8546420022677292,1.0,0.02876424075012092,-5.0534272395720965,5.0534272395720965
Gujarat,8544,38,0.4447565543071161,DISBURSED_TO_SANCTION_RATIO,0.8546420022677292,1.0,0.02916202051960253,-4.984496792139694,4.984496792139694
Gujarat,8544,38,0.4447565543071161,REMAINING_SANCTION_RATIO,0.14535799773227076,0.0,0.02916202051960253,4.984496792139694,4.984496792139694
Gujarat,8544,38,0.4447565543071161,ACTUAL_MINUS_SANCTION,-78520.5,0.0,20752.610263026178,-3.783644515306867,3.783644515306867
Gujarat,8544,38,0.4447565543071161,ACTUAL_TO_SANCTION_RATIO,0.748931,1.0,0.06696499511593056,-3.7492573480420104,3.7492573480420104
Gujarat,8544,38,0.4447565543071161,ACTUAL_TO_RECOMMENDED_RATIO,0.748931,1.0,0.06698864545532149,-3.747933672840901,3.747933672840901
Gujarat,8544,38,0.4447565543071161,COMPLETION_DURATION_DAYS,514.0,162.0,112.28265298701088,3.1349455203977072,3.1349455203977072
Gujarat,8544,38,0.4447565543071161,RECOMMENDATION_TO_COMPLETION_DAYS,514.0,162.0,112.28265298701088,3.1349455203977072,3.1349455203977072
Gujarat,8544,38,0.4447565543071161,SANCTION_TO_COMPLETION_DAYS,251.0,79.0,77.6894998180899,2.213941400095744,2.213941400095744
Gujarat,8544,38,0.4447565543071161,IS_COMPLETED,1.0,0.0,0.47049564712135217,2.125418175743666,2.125418175743666
Gujarat,8544,38,0.4447565543071161,HAS_ACTUAL_AMOUNT,1.0,0.0,0.47049564712135217,2.125418175743666,2.125418175743666
Gujarat,8544,38,0.4447565543071161,COMPLETION_YEAR,2026.0,2025.0,0.480564722012935,2.0808851632123835,2.0808851632123835
Gujarat,8544,38,0.4447565543071161,NO_PAYMENT_RECORD,0.0,1.0,0.4928119157908158,-2.0291717143147787,2.0291717143147787
Gujarat,8544,38,0.4447565543071161,RECOMMENDATION_TO_FIRST_PAYMENT_DAYS,399.5,218.0,122.66048510150833,1.479694131731166,1.479694131731166
Gujarat,8544,38,0.4447565543071161,MISSING_FIELD_COUNT,2.0,5.0,2.1524999886990273,-1.393728230313814,1.393728230313814
Gujarat,8544,38,0.4447565543071161,DATA_COMPLETENESS_RATIO,0.8181818181818181,0.5454545454545454,0.19568181715445707,1.3937282303138137,1.3937282303138137
Gujarat,8544,38,0.4447565543071161,ATTACH_ID,2313973.0,1944713.0,311763.08815713355,1.1844250138229548,1.1844250138229548
Gujarat,8544,38,0.4447565543071161,SANCTION_TO_FIRST_PAYMENT_DAYS,236.0,133.0,106.75887669174654,0.9647909681309232,0.9647909681309232
Gujarat,8544,38,0.4447565543071161,MP_AVG_SANCTION_AMOUNT,434017.4154589372,318681.7850241546,129535.84559247542,0.8903761727671332,0.8903761727671332
Gujarat,8544,38,0.4447565543071161,CONSTITUENCY_AVG_SANCTION,434017.4154589372,318681.7850241546,129535.84559247542,0.8903761727671332,0.8903761727671332
Gujarat,8544,38,0.4447565543071161,REMAINING_SANCTION_AMOUNT,20229.0,0.0,24911.758955311434,0.8120261614721098,0.8120261614721098
Gujarat,8544,38,0.4447565543071161,ACTUAL_AMOUNT,85999.5,279439.0,275507.70786694303,-0.7021201021839358,0.7021201021839358
Gujarat,8544,38,0.4447565543071161,MP_TOTAL_DISBURSED,41412412.0,51860778.0,15754270.791510649,-0.6632084809428443,0.6632084809428443
Gujarat,8544,38,0.4447565543071161,CONSTITUENCY_TOTAL_DISBURSED,41412412.0,51860778.0,15754270.791510649,-0.6632084809428443,0.6632084809428443
Gujarat,8544,38,0.4447565543071161,RECOMMENDATION_MONTH,5.0,7.0,3.25343824094652,-0.614734275520823,0.614734275520823
Gujarat,8544,38,0.4447565543071161,TOTAL_FUND_DISBURSED_AMT,499927.5,286467.0,348486.332019435,0.6125362184594814,0.6125362184594814
Gujarat,8544,38,0.4447565543071161,PEER_MEDIAN_DISBURSED,499927.5,286467.0,348486.332019435,0.6125362184594814,0.6125362184594814
Gujarat,8544,38,0.4447565543071161,SANCTION_AMOUNT,500000.0,286041.0,369670.67674838926,0.5787827205608411,0.5787827205608411
Gujarat,8544,38,0.4447565543071161,PEER_MEAN_SANCTION,500000.0,300000.0,347426.52097955224,0.5756612921664981,0.5756612921664981
Gujarat,8544,38,0.4447565543071161,RECOMMENDED_AMOUNT,500000.0,287700.0,369843.8906002604,0.5740259752714447,0.5740259752714447
Gujarat,8544,38,0.4447565543071161,PEER_MEDIAN_SANCTION,500000.0,300000.0,349936.6281504973,0.5715320544095372,0.5715320544095372
Gujarat,8544,38,0.4447565543071161,AVERAGE_PAYMENT_AMOUNT,433535.5,275900.0,345551.5940116781,0.45618513336874555,0.45618513336874555
Gujarat,8544,38,0.4447565543071161,MP_MEDIAN_SANCTION_AMOUNT,300000.0,250000.0,120711.62661407082,0.41421030767695516,0.41421030767695516
Gujarat,8544,38,0.4447565543071161,MP_WORK_COUNT,306.0,367.0,161.26748121989132,-0.3782535669223067,0.3782535669223067
Gujarat,8544,38,0.4447565543071161,CONSTITUENCY_WORK_COUNT,306.0,367.0,161.26748121989132,-0.3782535669223067,0.3782535669223067
Gujarat,8544,38,0.4447565543071161,RECOMMENDATION_TO_SANCTION_DAYS,104.0,80.0,77.08811386948341,0.31133204323346136,0.31133204323346136
Gujarat,8544,38,0.4447565543071161,MP_TOTAL_RECOMMENDED,118542097.5,119628572.0,17325761.92084039,-0.06270861304478206,0.06270861304478206
Gujarat,8544,38,0.4447565543071161,MP_TOTAL_SANCTIONED,118542097.5,119628572.0,17383150.66389358,-0.06250158679558065,0.06250158679558065
Gujarat,8544,38,0.4447565543071161,CONSTITUENCY_TOTAL_SANCTIONED,118542097.5,119628572.0,17383150.66389358,-0.06250158679558065,0.06250158679558065
Gujarat,8544,38,0.4447565543071161,LAST_PAYMENT_TO_COMPLETION_DAYS,-1.0,0.0,21.596689889390042,-0.0463033920995123,0.0463033920995123
Gujarat,8544,38,0.4447565543071161,PAYMENT_COUNT,1.0,1.0,0.22253556145481937,0.0,0.0
Gujarat,8544,38,0.4447565543071161,EXPENDITURE_DURATION_DAYS,0.0,0.0,7.276706450558106,0.0,0.0
Gujarat,8544,38,0.4447565543071161,UNIQUE_VENDOR_COUNT,1.0,1.0,0.16857838770602995,0.0,0.0
Gujarat,8544,38,0.4447565543071161,UNIQUE_VENDOR_NAME_COUNT,1.0,1.0,0.16857838770602995,0.0,0.0
Gujarat,8544,38,0.4447565543071161,PAYMENT_SUCCESS_COUNT,1.0,1.0,0.2909117802375509,0.0,0.0
Gujarat,8544,38,0.4447565543071161,PAYMENT_IN_PROGRESS_COUNT,0.0,0.0,0.18405269331300314,0.0,0.0
Gujarat,8544,38,0.4447565543071161,FLAG,1.0,1.0,0.054136937933023155,0.0,0.0
Gujarat,8544,38,0.4447565543071161,AVERAGE_RATING,0.0,0.0,0.09427252475063008,0.0,0.0
Gujarat,8544,38,0.4447565543071161,PAYMENT_SUCCESS_RATIO,1.0,1.0,0.18405269331300314,0.0,0.0
Gujarat,8544,38,0.4447565543071161,PAYMENT_IN_PROGRESS_RATIO,0.0,0.0,0.18405269331300314,0.0,0.0
Gujarat,8544,38,0.4447565543071161,PAYMENTS_PER_VENDOR,1.0,1.0,0.03421246041500427,0.0,0.0
Gujarat,8544,38,0.4447565543071161,HAS_ACTUAL_END_DATE,0.0,0.0,0.11298810097107269,0.0,0.0
Gujarat,8544,38,0.4447565543071161,PEER_COUNT,1.0,1.0,196.235550891115,0.0,0.0
Gujarat,8544,38,0.4447565543071161,SANCTION_TO_PEER_MEDIAN,1.0,1.0,1.4387402318568587,0.0,0.0
Gujarat,8544,38,0.4447565543071161,CATEGORY_WORK_COUNT,102324.0,102324.0,13315.935513040344,0.0,0.0
Gujarat,8544,38,0.4447565543071161,ACTIVITY_WORK_COUNT,1.0,1.0,1340.391771856007,0.0,0.0
Gujarat,8544,38,0.4447565543071161,MULTIPLE_PAYMENTS,0.0,0.0,0.05728301570251431,0.0,0.0
Gujarat,8544,38,0.4447565543071161,MULTIPLE_VENDORS,0.0,0.0,0.05520580562199273,0.0,0.0
Gujarat,8544,38,0.4447565543071161,PAYMENT_COUNT_GE_5,0.0,0.0,0.02168156854204557,0.0,0.0
Gujarat,8544,38,0.4447565543071161,COMPLETION_BEFORE_LAST_PAYMENT,0.0,0.0,0.05079393070733766,0.0,0.0
Gujarat,8544,38,0.4447565543071161,RECOMMENDATION_YEAR,2025.0,2025.0,0.6139889524042285,0.0,0.0
Gujarat,8544,38,0.4447565543071161,SANCTION_YEAR,2025.0,2025.0,0.4826796723733348,0.0,0.0
Gujarat,8544,38,0.4447565543071161,FIRST_PAYMENT_YEAR,2026.0,2026.0,0.4973934660750951,0.0,0.0
Gujarat,8544,38,0.4447565543071161,SANCTION_ABOVE_2X_PEER_MEDIAN,0.0,0.0,0.12128249078959309,0.0,0.0
Gujarat,8544,38,0.4447565543071161,SANCTION_ABOVE_5X_PEER_MEDIAN,0.0,0.0,0.08369534724824376,0.0,0.0
Gujarat,8544,38,0.4447565543071161,AVERAGE_PAYMENT_ABOVE_1M,0.0,0.0,0.07254663221122765,0.0,0.0
Gujarat,8544,38,0.4447565543071161,TOTAL_DISBURSED_ABOVE_5M,0.0,0.0,0.018777893376020077,0.0,0.0
Gujarat,8544,38,0.4447565543071161,HOUSE_OF_PARLIAMENT,2.0,2.0,0.0,,
Gujarat,8544,38,0.4447565543071161,ACTUAL_VS_DISBURSED_RATIO,1.0,1.0,0.0,,
Gujarat,8544,38,0.4447565543071161,RECOMMENDED_TO_SANCTION_DIFFERENCE,0.0,0.0,0.0,,
Gujarat,8544,38,0.4447565543071161,SANCTION_TO_RECOMMENDED_RATIO,1.0,1.0,0.0,,
Gujarat,8544,38,0.4447565543071161,ACTUAL_MINUS_DISBURSED,0.0,0.0,0.0,,
Gujarat,8544,38,0.4447565543071161,STATE_WORK_COUNT,8544.0,8544.0,0.0,,
Gujarat,8544,38,0.4447565543071161,STATE_TOTAL_RECOMMENDED,2922640316.0,2922640316.0,0.0,,
Gujarat,8544,38,0.4447565543071161,STATE_TOTAL_SANCTIONED,2919426496.0,2919426496.0,0.0,,
Gujarat,8544,38,0.4447565543071161,STATE_TOTAL_DISBURSED,1176280331.0,1176280331.0,0.0,,
Gujarat,8544,38,0.4447565543071161,STATE_AVG_WORK_COST,342695.91454396053,342695.91454396053,0.0,,
Gujarat,8544,38,0.4447565543071161,DISBURSED_TO_PEER_MEDIAN,1.0,1.0,0.0,,
Gujarat,8544,38,0.4447565543071161,PAYMENT_COUNT_GE_10,0.0,0.0,0.0,,
Gujarat,8544,38,0.4447565543071161,VENDOR_COUNT_GE_5,0.0,0.0,0.0,,
Gujarat,8544,38,0.4447565543071161,VENDOR_COUNT_GE_10,0.0,0.0,0.0,,
Gujarat,8544,38,0.4447565543071161,NEGATIVE_RECOMMENDATION_TO_SANCTION,0.0,0.0,0.0,,
Gujarat,8544,38,0.4447565543071161,NEGATIVE_SANCTION_TO_PAYMENT,0.0,0.0,0.0,,
Gujarat,8544,38,0.4447565543071161,ACTUAL_ABOVE_SANCTION,0.0,0.0,0.0,,
Gujarat,8544,38,0.4447565543071161,DISBURSED_ABOVE_SANCTION,0.0,0.0,0.0,,
Gujarat,8544,38,0.4447565543071161,DISBURSED_MINUS_ACTUAL,0.0,0.0,0.0,,
Gujarat,8544,38,0.4447565543071161,DISBURSED_ABOVE_2X_PEER_MEDIAN,0.0,0.0,0.0,,
Haryana,1889,68,3.5997882477501326,ACTUAL_TO_RECOMMENDED_RATIO,0.8056354687703612,1.0,0.025696106448639382,-7.563968168412163,7.563968168412163
Haryana,1889,68,3.5997882477501326,ACTUAL_TO_SANCTION_RATIO,0.8056354687703612,1.0,0.02578973057318232,-7.536508792835179,7.536508792835179
Haryana,1889,68,3.5997882477501326,ACTUAL_MINUS_SANCTION,-78146.0,0.0,11917.152238032322,-6.557439096112691,6.557439096112691
Haryana,1889,68,3.5997882477501326,MULTIPLE_PAYMENTS,1.0,0.0,0.2925390753733538,3.41834675837321,3.41834675837321
Haryana,1889,68,3.5997882477501326,IS_COMPLETED,1.0,0.0,0.42818604651168884,2.335433412991195,2.335433412991195
Haryana,1889,68,3.5997882477501326,HAS_ACTUAL_AMOUNT,1.0,0.0,0.42818604651168884,2.335433412991195,2.335433412991195
Haryana,1889,68,3.5997882477501326,DISBURSED_TO_RECOMMENDED_RATIO,0.778269,1.0,0.13155785422371008,-1.6854257870681995,1.6854257870681995
Haryana,1889,68,3.5997882477501326,DISBURSED_TO_SANCTION_RATIO,0.7800815920589981,1.0,0.13145037505382867,-1.673014685967581,1.673014685967581
Haryana,1889,68,3.5997882477501326,REMAINING_SANCTION_RATIO,0.21991840794100193,0.0,0.13145037505382867,1.673014685967581,1.673014685967581
Haryana,1889,68,3.5997882477501326,REMAINING_SANCTION_AMOUNT,141962.0,0.0,125771.8494463036,1.1287263455612024,1.1287263455612024
Haryana,1889,68,3.5997882477501326,PEER_MEDIAN_SANCTION,843882.0,400000.0,393645.6177764784,1.127618294107486,1.127618294107486
Haryana,1889,68,3.5997882477501326,PEER_MEAN_SANCTION,843882.0,400000.0,397376.86613307864,1.1170303000259385,1.1170303000259385
Haryana,1889,68,3.5997882477501326,RECOMMENDATION_TO_FIRST_PAYMENT_DAYS,318.5,181.0,127.79232144547593,1.075964490234775,1.075964490234775
Haryana,1889,68,3.5997882477501326,SANCTION_AMOUNT,843882.0,400000.0,414371.10558695847,1.0712185140690234,1.0712185140690234
Haryana,1889,68,3.5997882477501326,MP_MEDIAN_SANCTION_AMOUNT,500000.0,289932.0,208249.3036877802,1.0087332647937517,1.0087332647937517
Haryana,1889,68,3.5997882477501326,SANCTION_TO_FIRST_PAYMENT_DAYS,230.0,117.0,112.8454548421162,1.0013695293097984,1.0013695293097984
Haryana,1889,68,3.5997882477501326,RECOMMENDED_AMOUNT,807096.0,400000.0,420214.5299824836,0.9687813508423175,0.9687813508423175
Haryana,1889,68,3.5997882477501326,PAYMENT_COUNT,2.0,1.0,1.1649988238233149,0.8583699653173738,0.8583699653173738
Haryana,1889,68,3.5997882477501326,PAYMENT_SUCCESS_COUNT,2.0,1.0,1.1802657893841613,0.8472667843077785,0.8472667843077785
Haryana,1889,68,3.5997882477501326,TOTAL_FUND_DISBURSED_AMT,565785.5,262185.0,358616.61579048703,0.8465879343899981,0.8465879343899981
Haryana,1889,68,3.5997882477501326,PEER_MEDIAN_DISBURSED,565785.5,262185.0,358616.61579048703,0.8465879343899981,0.8465879343899981
Haryana,1889,68,3.5997882477501326,MP_AVG_SANCTION_AMOUNT,571804.932735426,407180.58,219886.57289565017,0.7486785144154776,0.7486785144154776
Haryana,1889,68,3.5997882477501326,CONSTITUENCY_AVG_SANCTION,571804.932735426,407180.58,219886.57289565017,0.7486785144154776,0.7486785144154776
Haryana,1889,68,3.5997882477501326,ATTACH_ID,2043426.0,1903487.0,278820.44393452606,0.5018964822854279,0.5018964822854279
Haryana,1889,68,3.5997882477501326,DATA_COMPLETENESS_RATIO,0.9090909090909092,0.8181818181818181,0.1845015802432933,0.4927279798320081,0.4927279798320081
Haryana,1889,68,3.5997882477501326,MISSING_FIELD_COUNT,1.0,2.0,2.029517382676226,-0.49272797983200745,0.49272797983200745
Haryana,1889,68,3.5997882477501326,ACTUAL_AMOUNT,447983.0,298263.0,328891.7305717535,0.4552257964641527,0.4552257964641527
Haryana,1889,68,3.5997882477501326,RECOMMENDATION_MONTH,6.0,7.0,2.9921607662989307,-0.334206641321924,0.334206641321924
Haryana,1889,68,3.5997882477501326,RECOMMENDATION_TO_SANCTION_DAYS,77.5,61.0,75.30805164533162,0.21910007813915927,0.21910007813915927
Haryana,1889,68,3.5997882477501326,MP_WORK_COUNT,201.0,223.0,117.95872916611003,-0.18650590893548452,0.18650590893548452
Haryana,1889,68,3.5997882477501326,CONSTITUENCY_WORK_COUNT,201.0,223.0,117.95872916611003,-0.18650590893548452,0.18650590893548452
Haryana,1889,68,3.5997882477501326,AVERAGE_PAYMENT_AMOUNT,172767.6,204898.0,317987.67525720934,-0.10104290983608347,0.10104290983608347
Haryana,1889,68,3.5997882477501326,PAYMENTS_PER_100_DAYS,3.4252539912917275,2.9418126757516765,23.84392684278392,0.02027523900436554,0.02027523900436554
Haryana,1889,68,3.5997882477501326,PAYMENTS_PER_30_DAYS,1.0275761973875182,0.8825438027255029,7.153178052835176,0.02027523900436553,0.02027523900436553
Haryana,1889,68,3.5997882477501326,DISBURSED_PER_EXPENDITURE_DAY,6340.173115079365,6778.208521870287,63517.04887412825,-0.006896343809344431,0.006896343809344431
Haryana,1889,68,3.5997882477501326,EXPENDITURE_DURATION_DAYS,0.0,0.0,35.45965930048674,0.0,0.0
Haryana,1889,68,3.5997882477501326,UNIQUE_VENDOR_COUNT,1.0,1.0,0.4978749916974671,0.0,0.0
Haryana,1889,68,3.5997882477501326,UNIQUE_VENDOR_NAME_COUNT,1.0,1.0,0.4978749916974671,0.0,0.0
Haryana,1889,68,3.5997882477501326,PAYMENT_IN_PROGRESS_COUNT,0.0,0.0,0.1640104401179222,0.0,0.0
Haryana,1889,68,3.5997882477501326,FLAG,1.0,1.0,0.09895630010799879,0.0,0.0
Haryana,1889,68,3.5997882477501326,PAYMENT_SUCCESS_RATIO,1.0,1.0,0.1566628969161163,0.0,0.0
Haryana,1889,68,3.5997882477501326,PAYMENT_IN_PROGRESS_RATIO,0.0,0.0,0.1566628969161163,0.0,0.0
Haryana,1889,68,3.5997882477501326,PAYMENTS_PER_VENDOR,1.0,1.0,0.5628052537686146,0.0,0.0
Haryana,1889,68,3.5997882477501326,HAS_ACTUAL_END_DATE,0.0,0.0,0.09334862548724525,0.0,0.0
Haryana,1889,68,3.5997882477501326,MP_TOTAL_RECOMMENDED,125887271.0,125887271.0,27606947.34223951,0.0,0.0
Haryana,1889,68,3.5997882477501326,MP_TOTAL_SANCTIONED,123387271.0,123387271.0,27810108.685029246,0.0,0.0
Haryana,1889,68,3.5997882477501326,MP_TOTAL_DISBURSED,59800837.0,59800837.0,19790035.618193485,0.0,0.0
Haryana,1889,68,3.5997882477501326,CONSTITUENCY_TOTAL_SANCTIONED,123387271.0,123387271.0,27810108.685029246,0.0,0.0
Haryana,1889,68,3.5997882477501326,CONSTITUENCY_TOTAL_DISBURSED,59800837.0,59800837.0,19790035.618193485,0.0,0.0
Haryana,1889,68,3.5997882477501326,PEER_COUNT,1.0,1.0,17.777627307472912,0.0,0.0
Haryana,1889,68,3.5997882477501326,SANCTION_TO_PEER_MEDIAN,1.0,1.0,0.34799376566398543,0.0,0.0
Haryana,1889,68,3.5997882477501326,CATEGORY_WORK_COUNT,102324.0,102324.0,26013.94234283988,0.0,0.0
Haryana,1889,68,3.5997882477501326,ACTIVITY_WORK_COUNT,1.0,1.0,1014.6542895851572,0.0,0.0
Haryana,1889,68,3.5997882477501326,NO_PAYMENT_RECORD,0.0,0.0,0.49880160045045246,0.0,0.0
Haryana,1889,68,3.5997882477501326,MULTIPLE_VENDORS,0.0,0.0,0.18965082990958532,0.0,0.0
Haryana,1889,68,3.5997882477501326,PAYMENT_COUNT_GE_5,0.0,0.0,0.07392112338468887,0.0,0.0
Haryana,1889,68,3.5997882477501326,PAYMENT_COUNT_GE_10,0.0,0.0,0.06189805384863733,0.0,0.0
Haryana,1889,68,3.5997882477501326,VENDOR_COUNT_GE_5,0.0,0.0,0.03313146809936219,0.0,0.0
Haryana,1889,68,3.5997882477501326,COMPLETION_BEFORE_LAST_PAYMENT,0.0,0.0,0.023433924539650597,0.0,0.0
Haryana,1889,68,3.5997882477501326,RECOMMENDATION_YEAR,2025.0,2025.0,0.653747374142199,0.0,0.0
Haryana,1889,68,3.5997882477501326,SANCTION_YEAR,2025.0,2025.0,0.5505041237457864,0.0,0.0
Haryana,1889,68,3.5997882477501326,FIRST_PAYMENT_YEAR,2026.0,2026.0,0.4853142203194241,0.0,0.0
Haryana,1889,68,3.5997882477501326,SANCTION_ABOVE_2X_PEER_MEDIAN,0.0,0.0,0.12732619280830074,0.0,0.0
Haryana,1889,68,3.5997882477501326,SANCTION_ABOVE_5X_PEER_MEDIAN,0.0,0.0,0.033131468099362196,0.0,0.0
Haryana,1889,68,3.5997882477501326,AVERAGE_PAYMENT_ABOVE_1M,0.0,0.0,0.14661259763473383,0.0,0.0
Haryana,1889,68,3.5997882477501326,HOUSE_OF_PARLIAMENT,2.0,2.0,0.0,,
Haryana,1889,68,3.5997882477501326,AVERAGE_RATING,0.0,0.0,0.0,,
Haryana,1889,68,3.5997882477501326,ACTUAL_VS_DISBURSED_RATIO,1.0,1.0,0.0,,
Haryana,1889,68,3.5997882477501326,RECOMMENDED_TO_SANCTION_DIFFERENCE,0.0,0.0,0.0,,
Haryana,1889,68,3.5997882477501326,SANCTION_TO_RECOMMENDED_RATIO,1.0,1.0,0.0,,
Haryana,1889,68,3.5997882477501326,ACTUAL_MINUS_DISBURSED,0.0,0.0,0.0,,
Haryana,1889,68,3.5997882477501326,STATE_WORK_COUNT,1889.0,1889.0,0.0,,
Haryana,1889,68,3.5997882477501326,STATE_TOTAL_RECOMMENDED,954076388.0,954076388.0,0.0,,
Haryana,1889,68,3.5997882477501326,STATE_TOTAL_SANCTIONED,948476388.0,948476388.0,0.0,,
Haryana,1889,68,3.5997882477501326,STATE_TOTAL_DISBURSED,422020136.0,422020136.0,0.0,,
Haryana,1889,68,3.5997882477501326,STATE_AVG_WORK_COST,506935.53607696417,506935.53607696417,0.0,,
Haryana,1889,68,3.5997882477501326,DISBURSED_TO_PEER_MEDIAN,1.0,1.0,0.0,,
Haryana,1889,68,3.5997882477501326,VENDOR_COUNT_GE_10,0.0,0.0,0.0,,
Haryana,1889,68,3.5997882477501326,NEGATIVE_RECOMMENDATION_TO_SANCTION,0.0,0.0,0.0,,
Haryana,1889,68,3.5997882477501326,NEGATIVE_SANCTION_TO_PAYMENT,0.0,0.0,0.0,,
Haryana,1889,68,3.5997882477501326,ACTUAL_ABOVE_SANCTION,0.0,0.0,0.0,,
Haryana,1889,68,3.5997882477501326,DISBURSED_ABOVE_SANCTION,0.0,0.0,0.0,,
Haryana,1889,68,3.5997882477501326,DISBURSED_MINUS_ACTUAL,0.0,0.0,0.0,,
Haryana,1889,68,3.5997882477501326,DISBURSED_ABOVE_2X_PEER_MEDIAN,0.0,0.0,0.0,,
Haryana,1889,68,3.5997882477501326,TOTAL_DISBURSED_ABOVE_5M,0.0,0.0,0.0,,
Himachal Pradesh,1735,32,1.8443804034582134,ACTUAL_MINUS_SANCTION,-26380.0,0.0,3387.1339593067532,-7.78829544887537,7.78829544887537
Himachal Pradesh,1735,32,1.8443804034582134,PAYMENT_IN_PROGRESS_COUNT,0.5,0.0,0.12512467115715573,3.996014497988198,3.996014497988198
Himachal Pradesh,1735,32,1.8443804034582134,ACTUAL_TO_SANCTION_RATIO,0.9632026753682594,1.0,0.012314284065261343,-2.9881822147944437,2.9881822147944437
Himachal Pradesh,1735,32,1.8443804034582134,ACTUAL_TO_RECOMMENDED_RATIO,0.9632026753682594,1.0,0.012314284065261343,-2.9881822147944437,2.9881822147944437
Himachal Pradesh,1735,32,1.8443804034582134,PAYMENT_SUCCESS_RATIO,0.75,1.0,0.10215248282910303,-2.4473218180926635,2.4473218180926635
Himachal Pradesh,1735,32,1.8443804034582134,PAYMENT_IN_PROGRESS_RATIO,0.25,0.0,0.10215248282910303,2.4473218180926635,2.4473218180926635
Himachal Pradesh,1735,32,1.8443804034582134,FIRST_PAYMENT_YEAR,2026.0,2025.0,0.4833876928481376,2.0687328510743916,2.0687328510743916
Himachal Pradesh,1735,32,1.8443804034582134,DISBURSED_TO_SANCTION_RATIO,0.59102,1.0,0.21121323568175782,-1.9363369851320498,1.9363369851320498
Himachal Pradesh,1735,32,1.8443804034582134,REMAINING_SANCTION_RATIO,0.40898,0.0,0.21121323568175782,1.9363369851320498,1.9363369851320498
Himachal Pradesh,1735,32,1.8443804034582134,DISBURSED_TO_RECOMMENDED_RATIO,0.59102,1.0,0.21125905476088672,-1.9359170212273433,1.9359170212273433
Himachal Pradesh,1735,32,1.8443804034582134,MP_WORK_COUNT,316.0,585.0,156.8101208958091,-1.7154504981137941,1.7154504981137941
Himachal Pradesh,1735,32,1.8443804034582134,CONSTITUENCY_WORK_COUNT,316.0,585.0,156.8101208958091,-1.7154504981137941,1.7154504981137941
Himachal Pradesh,1735,32,1.8443804034582134,REMAINING_SANCTION_AMOUNT,81796.0,0.0,75360.6530120738,1.0853939918341096,1.0853939918341096
Himachal Pradesh,1735,32,1.8443804034582134,MP_TOTAL_DISBURSED,60267125.0,82563406.0,22514640.62857548,-0.9903014384205475,0.9903014384205475
Himachal Pradesh,1735,32,1.8443804034582134,CONSTITUENCY_TOTAL_DISBURSED,60267125.0,82563406.0,22514640.62857548,-0.9903014384205475,0.9903014384205475
Himachal Pradesh,1735,32,1.8443804034582134,ATTACH_ID,2125171.0,2337644.5,247005.74913780866,-0.8601965773738225,0.8601965773738225
Himachal Pradesh,1735,32,1.8443804034582134,MP_TOTAL_RECOMMENDED,94239007.0,123855358.0,44900112.49506031,-0.6596052738900876,0.6596052738900876
Himachal Pradesh,1735,32,1.8443804034582134,MP_TOTAL_SANCTIONED,94239007.0,123855358.0,44900112.49506031,-0.6596052738900876,0.6596052738900876
Himachal Pradesh,1735,32,1.8443804034582134,CONSTITUENCY_TOTAL_SANCTIONED,94239007.0,123855358.0,44900112.49506031,-0.6596052738900876,0.6596052738900876
Himachal Pradesh,1735,32,1.8443804034582134,SANCTION_TO_FIRST_PAYMENT_DAYS,109.5,60.0,83.8762237357723,0.5901553240634125,0.5901553240634125
Himachal Pradesh,1735,32,1.8443804034582134,RECOMMENDATION_TO_FIRST_PAYMENT_DAYS,206.0,143.0,108.08533351261453,0.5828727909013421,0.5828727909013421
Himachal Pradesh,1735,32,1.8443804034582134,PAYMENTS_PER_100_DAYS,8.484848484848486,1.2945119396732299,14.453077078830859,0.49749520506652545,0.49749520506652545
Himachal Pradesh,1735,32,1.8443804034582134,PAYMENTS_PER_30_DAYS,2.5454545454545454,0.388353581901969,4.335923123649258,0.4974952050665252,0.4974952050665252
Himachal Pradesh,1735,32,1.8443804034582134,PEER_MEDIAN_SANCTION,273650.0,200000.0,244072.91233354495,0.30175409182380486,0.30175409182380486
Himachal Pradesh,1735,32,1.8443804034582134,PEER_MEAN_SANCTION,273650.0,200000.0,245572.34877193812,0.2999116161420861,0.2999116161420861
Himachal Pradesh,1735,32,1.8443804034582134,RECOMMENDED_AMOUNT,273650.0,200000.0,261442.8771677622,0.2817058961324863,0.2817058961324863
Himachal Pradesh,1735,32,1.8443804034582134,SANCTION_AMOUNT,273650.0,200000.0,261442.8771677622,0.2817058961324863,0.2817058961324863
Himachal Pradesh,1735,32,1.8443804034582134,DISBURSED_PER_EXPENDITURE_DAY,6698.514705882353,1315.7894736842106,21425.464111183177,0.251230274605281,0.251230274605281
Himachal Pradesh,1735,32,1.8443804034582134,RECOMMENDATION_TO_SANCTION_DAYS,72.5,60.0,74.1487740597885,0.16857999553601327,0.16857999553601327
Himachal Pradesh,1735,32,1.8443804034582134,ACTUAL_AMOUNT,183549.5,200000.0,170108.89924452064,-0.09670569895554647,0.09670569895554647
Himachal Pradesh,1735,32,1.8443804034582134,TOTAL_FUND_DISBURSED_AMT,150000.0,150000.0,145763.87657095888,0.0,0.0
Himachal Pradesh,1735,32,1.8443804034582134,PAYMENT_COUNT,1.0,1.0,0.5322238448235707,0.0,0.0
Himachal Pradesh,1735,32,1.8443804034582134,EXPENDITURE_DURATION_DAYS,0.0,0.0,99.77850955587732,0.0,0.0
Himachal Pradesh,1735,32,1.8443804034582134,UNIQUE_VENDOR_COUNT,1.0,1.0,0.26032241716579113,0.0,0.0
Himachal Pradesh,1735,32,1.8443804034582134,UNIQUE_VENDOR_NAME_COUNT,1.0,1.0,0.24392699420346142,0.0,0.0
Himachal Pradesh,1735,32,1.8443804034582134,PAYMENT_SUCCESS_COUNT,1.0,1.0,0.541756498094469,0.0,0.0
Himachal Pradesh,1735,32,1.8443804034582134,FLAG,1.0,1.0,0.024232190583632816,0.0,0.0
Himachal Pradesh,1735,32,1.8443804034582134,AVERAGE_PAYMENT_AMOUNT,100000.0,100000.0,113917.54030694223,0.0,0.0
Himachal Pradesh,1735,32,1.8443804034582134,PAYMENTS_PER_VENDOR,1.0,1.0,0.4799688493759067,0.0,0.0
Himachal Pradesh,1735,32,1.8443804034582134,IS_COMPLETED,0.0,0.0,0.4283755029071668,0.0,0.0
Himachal Pradesh,1735,32,1.8443804034582134,HAS_ACTUAL_AMOUNT,0.0,0.0,0.4283755029071668,0.0,0.0
Himachal Pradesh,1735,32,1.8443804034582134,HAS_ACTUAL_END_DATE,0.0,0.0,0.09944115134194702,0.0,0.0
Himachal Pradesh,1735,32,1.8443804034582134,STATE_AVG_WORK_COST,244806.01730103805,244806.01730103805,2.9112379092681536e-11,0.0,0.0
Himachal Pradesh,1735,32,1.8443804034582134,MP_AVG_SANCTION_AMOUNT,276144.622611465,276144.622611465,45510.81063502415,0.0,0.0
Himachal Pradesh,1735,32,1.8443804034582134,MP_MEDIAN_SANCTION_AMOUNT,200000.0,200000.0,16136.743565138082,0.0,0.0
Himachal Pradesh,1735,32,1.8443804034582134,CONSTITUENCY_AVG_SANCTION,276144.622611465,276144.622611465,45510.81063502415,0.0,0.0
Himachal Pradesh,1735,32,1.8443804034582134,PEER_COUNT,1.0,1.0,12.731006831425162,0.0,0.0
Himachal Pradesh,1735,32,1.8443804034582134,PEER_MEDIAN_DISBURSED,150000.0,150000.0,145763.87657095888,0.0,0.0
Himachal Pradesh,1735,32,1.8443804034582134,SANCTION_TO_PEER_MEDIAN,1.0,1.0,0.43288454276023186,0.0,0.0
Himachal Pradesh,1735,32,1.8443804034582134,CATEGORY_WORK_COUNT,102324.0,102324.0,19050.420140451224,0.0,0.0
Himachal Pradesh,1735,32,1.8443804034582134,ACTIVITY_WORK_COUNT,1.0,1.0,1037.7994280757214,0.0,0.0
Himachal Pradesh,1735,32,1.8443804034582134,NO_PAYMENT_RECORD,0.0,0.0,0.41724965706513606,0.0,0.0
Himachal Pradesh,1735,32,1.8443804034582134,MULTIPLE_PAYMENTS,0.0,0.0,0.43915440994856564,0.0,0.0
Himachal Pradesh,1735,32,1.8443804034582134,MULTIPLE_VENDORS,0.0,0.0,0.17049160832664081,0.0,0.0
Himachal Pradesh,1735,32,1.8443804034582134,PAYMENT_COUNT_GE_5,0.0,0.0,0.024232190583632816,0.0,0.0
Himachal Pradesh,1735,32,1.8443804034582134,VENDOR_COUNT_GE_5,0.0,0.0,0.024232190583632816,0.0,0.0
Himachal Pradesh,1735,32,1.8443804034582134,MISSING_FIELD_COUNT,2.0,2.0,1.6950260328789881,0.0,0.0
Himachal Pradesh,1735,32,1.8443804034582134,DATA_COMPLETENESS_RATIO,0.8181818181818181,0.8181818181818181,0.15409327571627165,0.0,0.0
Himachal Pradesh,1735,32,1.8443804034582134,COMPLETION_BEFORE_LAST_PAYMENT,0.0,0.0,0.04194671798250629,0.0,0.0
Himachal Pradesh,1735,32,1.8443804034582134,RECOMMENDATION_YEAR,2025.0,2025.0,0.512772997636137,0.0,0.0
Himachal Pradesh,1735,32,1.8443804034582134,RECOMMENDATION_MONTH,6.0,6.0,3.0748958909879445,0.0,0.0
Himachal Pradesh,1735,32,1.8443804034582134,SANCTION_YEAR,2025.0,2025.0,0.42765852055102876,0.0,0.0
Himachal Pradesh,1735,32,1.8443804034582134,SANCTION_ABOVE_2X_PEER_MEDIAN,0.0,0.0,0.1050656477091098,0.0,0.0
Himachal Pradesh,1735,32,1.8443804034582134,SANCTION_ABOVE_5X_PEER_MEDIAN,0.0,0.0,0.0419467179825063,0.0,0.0
Himachal Pradesh,1735,32,1.8443804034582134,AVERAGE_PAYMENT_ABOVE_1M,0.0,0.0,0.024232190583632816,0.0,0.0
Himachal Pradesh,1735,32,1.8443804034582134,HOUSE_OF_PARLIAMENT,2.0,2.0,0.0,,
Himachal Pradesh,1735,32,1.8443804034582134,AVERAGE_RATING,0.0,0.0,0.0,,
Himachal Pradesh,1735,32,1.8443804034582134,ACTUAL_VS_DISBURSED_RATIO,1.0,1.0,0.0,,
Himachal Pradesh,1735,32,1.8443804034582134,RECOMMENDED_TO_SANCTION_DIFFERENCE,0.0,0.0,0.0,,
Himachal Pradesh,1735,32,1.8443804034582134,SANCTION_TO_RECOMMENDED_RATIO,1.0,1.0,0.0,,
Himachal Pradesh,1735,32,1.8443804034582134,ACTUAL_MINUS_DISBURSED,0.0,0.0,0.0,,
Himachal Pradesh,1735,32,1.8443804034582134,STATE_WORK_COUNT,1735.0,1735.0,0.0,,
Himachal Pradesh,1735,32,1.8443804034582134,STATE_TOTAL_RECOMMENDED,424493634.0,424493634.0,0.0,,
Himachal Pradesh,1735,32,1.8443804034582134,STATE_TOTAL_SANCTIONED,424493634.0,424493634.0,0.0,,
Himachal Pradesh,1735,32,1.8443804034582134,STATE_TOTAL_DISBURSED,252476565.0,252476565.0,0.0,,
Himachal Pradesh,1735,32,1.8443804034582134,DISBURSED_TO_PEER_MEDIAN,1.0,1.0,0.0,,
Himachal Pradesh,1735,32,1.8443804034582134,PAYMENT_COUNT_GE_10,0.0,0.0,0.0,,
Himachal Pradesh,1735,32,1.8443804034582134,VENDOR_COUNT_GE_10,0.0,0.0,0.0,,
Himachal Pradesh,1735,32,1.8443804034582134,NEGATIVE_RECOMMENDATION_TO_SANCTION,0.0,0.0,0.0,,
Himachal Pradesh,1735,32,1.8443804034582134,NEGATIVE_SANCTION_TO_PAYMENT,0.0,0.0,0.0,,
Himachal Pradesh,1735,32,1.8443804034582134,ACTUAL_ABOVE_SANCTION,0.0,0.0,0.0,,
Himachal Pradesh,1735,32,1.8443804034582134,DISBURSED_ABOVE_SANCTION,0.0,0.0,0.0,,
Himachal Pradesh,1735,32,1.8443804034582134,DISBURSED_MINUS_ACTUAL,0.0,0.0,0.0,,
Himachal Pradesh,1735,32,1.8443804034582134,DISBURSED_ABOVE_2X_PEER_MEDIAN,0.0,0.0,0.0,,
Himachal Pradesh,1735,32,1.8443804034582134,TOTAL_DISBURSED_ABOVE_5M,0.0,0.0,0.0,,
Jammu And Kashmir,1083,63,5.8171745152354575,ACTUAL_MINUS_SANCTION,-138800.0,0.0,39407.74711750074,-3.522150088563672,3.522150088563672
Jammu And Kashmir,1083,63,5.8171745152354575,ACTUAL_TO_SANCTION_RATIO,0.6492887931034483,1.0,0.1371080220773542,-2.5579189429097435,2.5579189429097435
Jammu And Kashmir,1083,63,5.8171745152354575,ACTUAL_TO_RECOMMENDED_RATIO,0.6492887931034483,1.0,0.1371080220773542,-2.5579189429097435,2.5579189429097435
Jammu And Kashmir,1083,63,5.8171745152354575,DISBURSED_TO_SANCTION_RATIO,0.6422222222222222,1.0,0.14818661096556596,-2.414373170737499,2.414373170737499
Jammu And Kashmir,1083,63,5.8171745152354575,DISBURSED_TO_RECOMMENDED_RATIO,0.6422222222222222,1.0,0.14818661096556596,-2.414373170737499,2.414373170737499
Jammu And Kashmir,1083,63,5.8171745152354575,REMAINING_SANCTION_RATIO,0.3577777777777777,0.0,0.14818661096556596,2.4143731707374987,2.4143731707374987
Jammu And Kashmir,1083,63,5.8171745152354575,IS_COMPLETED,1.0,0.0,0.45933356002306935,2.1770671403800246,2.1770671403800246
Jammu And Kashmir,1083,63,5.8171745152354575,HAS_ACTUAL_AMOUNT,1.0,0.0,0.45933356002306935,2.1770671403800246,2.1770671403800246
Jammu And Kashmir,1083,63,5.8171745152354575,NO_PAYMENT_RECORD,0.0,1.0,0.48868649005134007,-2.0463017094967015,2.0463017094967015
Jammu And Kashmir,1083,63,5.8171745152354575,DATA_COMPLETENESS_RATIO,0.9090909090909092,0.5454545454545454,0.1876440001078937,1.9379056267574553,1.9379056267574553
Jammu And Kashmir,1083,63,5.8171745152354575,MISSING_FIELD_COUNT,1.0,5.0,2.0640840011868304,-1.937905626757455,1.937905626757455
Jammu And Kashmir,1083,63,5.8171745152354575,REMAINING_SANCTION_AMOUNT,140000.0,0.0,149515.9848986393,0.9363547322041157,0.9363547322041157
Jammu And Kashmir,1083,63,5.8171745152354575,MP_TOTAL_DISBURSED,21050571.0,31219049.0,10945888.706042914,-0.928976922119286,0.928976922119286
Jammu And Kashmir,1083,63,5.8171745152354575,CONSTITUENCY_TOTAL_DISBURSED,21050571.0,31219049.0,10945888.706042914,-0.928976922119286,0.928976922119286
Jammu And Kashmir,1083,63,5.8171745152354575,RECOMMENDATION_MONTH,4.0,7.0,3.2751586179531804,-0.9159861704270246,0.9159861704270246
Jammu And Kashmir,1083,63,5.8171745152354575,RECOMMENDATION_TO_SANCTION_DAYS,38.0,68.0,64.43717277100293,-0.4655697745556608,0.4655697745556608
Jammu And Kashmir,1083,63,5.8171745152354575,SANCTION_TO_FIRST_PAYMENT_DAYS,223.0,181.0,90.44530793899455,0.46436903093225185,0.46436903093225185
Jammu And Kashmir,1083,63,5.8171745152354575,ACTUAL_AMOUNT,261658.5,179800.0,271987.7158111622,0.3009639599195479,0.3009639599195479
Jammu And Kashmir,1083,63,5.8171745152354575,TOTAL_FUND_DISBURSED_AMT,260000.0,189000.0,327840.7814706332,0.21656854184371788,0.21656854184371788
Jammu And Kashmir,1083,63,5.8171745152354575,PEER_MEDIAN_DISBURSED,260000.0,189000.0,327840.7814706332,0.21656854184371788,0.21656854184371788
Jammu And Kashmir,1083,63,5.8171745152354575,AVERAGE_PAYMENT_AMOUNT,226140.0,183000.0,292065.4029187351,0.1477066423098506,0.1477066423098506
Jammu And Kashmir,1083,63,5.8171745152354575,RECOMMENDATION_TO_FIRST_PAYMENT_DAYS,276.0,263.0,103.18423080240647,0.12598824354173324,0.12598824354173324
Jammu And Kashmir,1083,63,5.8171745152354575,PEER_MEDIAN_SANCTION,400000.0,300000.0,800009.1511032599,0.12499857015647145,0.12499857015647145
Jammu And Kashmir,1083,63,5.8171745152354575,PEER_MEAN_SANCTION,400000.0,300000.0,805996.2293142312,0.124070059341448,0.124070059341448
Jammu And Kashmir,1083,63,5.8171745152354575,RECOMMENDED_AMOUNT,400000.0,300000.0,813459.4530944003,0.12293175722477614,0.12293175722477614
Jammu And Kashmir,1083,63,5.8171745152354575,SANCTION_AMOUNT,400000.0,300000.0,813459.4530944006,0.1229317572247761,0.1229317572247761
Jammu And Kashmir,1083,63,5.8171745152354575,MP_TOTAL_RECOMMENDED,101117368.1,102965673.0,18018979.107741416,-0.1025754505262691,0.1025754505262691
Jammu And Kashmir,1083,63,5.8171745152354575,MP_TOTAL_SANCTIONED,101117368.1,102965673.0,18018979.107741416,-0.1025754505262691,0.1025754505262691
Jammu And Kashmir,1083,63,5.8171745152354575,CONSTITUENCY_TOTAL_SANCTIONED,101117368.1,102965673.0,18018979.107741416,-0.1025754505262691,0.1025754505262691
Jammu And Kashmir,1083,63,5.8171745152354575,ATTACH_ID,1979071.0,1959313.0,283829.63905039284,0.06961218027160315,0.06961218027160315
Jammu And Kashmir,1083,63,5.8171745152354575,PAYMENT_COUNT,1.0,1.0,0.42510083885123057,0.0,0.0
Jammu And Kashmir,1083,63,5.8171745152354575,EXPENDITURE_DURATION_DAYS,0.0,0.0,20.94101411869067,0.0,0.0
Jammu And Kashmir,1083,63,5.8171745152354575,UNIQUE_VENDOR_COUNT,1.0,1.0,0.23109303326785438,0.0,0.0
Jammu And Kashmir,1083,63,5.8171745152354575,UNIQUE_VENDOR_NAME_COUNT,1.0,1.0,0.23109303326785438,0.0,0.0
Jammu And Kashmir,1083,63,5.8171745152354575,PAYMENT_SUCCESS_COUNT,1.0,1.0,0.4449214674742627,0.0,0.0
Jammu And Kashmir,1083,63,5.8171745152354575,PAYMENT_IN_PROGRESS_COUNT,0.0,0.0,0.12155476583522697,0.0,0.0
Jammu And Kashmir,1083,63,5.8171745152354575,FLAG,1.0,1.0,0.03131121455425748,0.0,0.0
Jammu And Kashmir,1083,63,5.8171745152354575,PAYMENT_SUCCESS_RATIO,1.0,1.0,0.12155476583522695,0.0,0.0
Jammu And Kashmir,1083,63,5.8171745152354575,PAYMENT_IN_PROGRESS_RATIO,0.0,0.0,0.12155476583522697,0.0,0.0
Jammu And Kashmir,1083,63,5.8171745152354575,PAYMENTS_PER_VENDOR,1.0,1.0,0.23593138564199212,0.0,0.0
Jammu And Kashmir,1083,63,5.8171745152354575,HAS_ACTUAL_END_DATE,0.0,0.0,0.12043188459454175,0.0,0.0
Jammu And Kashmir,1083,63,5.8171745152354575,MP_WORK_COUNT,241.0,241.0,68.59126590150599,0.0,0.0
Jammu And Kashmir,1083,63,5.8171745152354575,CONSTITUENCY_WORK_COUNT,241.0,241.0,68.59126590150599,0.0,0.0
Jammu And Kashmir,1083,63,5.8171745152354575,STATE_TOTAL_RECOMMENDED,522536805.56,522536805.56,1.7890165271963827e-07,0.0,0.0
Jammu And Kashmir,1083,63,5.8171745152354575,STATE_TOTAL_SANCTIONED,522536805.56,522536805.56,1.7890165271963827e-07,0.0,0.0
Jammu And Kashmir,1083,63,5.8171745152354575,STATE_AVG_WORK_COST,482936.0495009242,482936.0495009242,1.164724301560145e-10,0.0,0.0
Jammu And Kashmir,1083,63,5.8171745152354575,MP_AVG_SANCTION_AMOUNT,419574.1414937759,419574.1414937759,217859.01062169307,0.0,0.0
Jammu And Kashmir,1083,63,5.8171745152354575,MP_MEDIAN_SANCTION_AMOUNT,300000.0,300000.0,94326.4601083285,0.0,0.0
Jammu And Kashmir,1083,63,5.8171745152354575,CONSTITUENCY_AVG_SANCTION,419574.1414937759,419574.1414937759,217859.01062169307,0.0,0.0
Jammu And Kashmir,1083,63,5.8171745152354575,PEER_COUNT,1.0,1.0,11.048654160576755,0.0,0.0
Jammu And Kashmir,1083,63,5.8171745152354575,SANCTION_TO_PEER_MEDIAN,1.0,1.0,0.28542118972827973,0.0,0.0
Jammu And Kashmir,1083,63,5.8171745152354575,CATEGORY_WORK_COUNT,102324.0,102324.0,8903.255575514035,0.0,0.0
Jammu And Kashmir,1083,63,5.8171745152354575,ACTIVITY_WORK_COUNT,1.0,1.0,733.0327296372966,0.0,0.0
Jammu And Kashmir,1083,63,5.8171745152354575,MULTIPLE_PAYMENTS,0.0,0.0,0.14853346734494186,0.0,0.0
Jammu And Kashmir,1083,63,5.8171745152354575,MULTIPLE_VENDORS,0.0,0.0,0.11222748577241251,0.0,0.0
Jammu And Kashmir,1083,63,5.8171745152354575,PAYMENT_COUNT_GE_5,0.0,0.0,0.03131121455425748,0.0,0.0
Jammu And Kashmir,1083,63,5.8171745152354575,COMPLETION_BEFORE_LAST_PAYMENT,0.0,0.0,0.06987645199741636,0.0,0.0
Jammu And Kashmir,1083,63,5.8171745152354575,RECOMMENDATION_YEAR,2025.0,2025.0,0.679270729850678,0.0,0.0
Jammu And Kashmir,1083,63,5.8171745152354575,SANCTION_YEAR,2025.0,2025.0,0.534177829455273,0.0,0.0
Jammu And Kashmir,1083,63,5.8171745152354575,FIRST_PAYMENT_YEAR,2026.0,2026.0,0.47228684381728525,0.0,0.0
Jammu And Kashmir,1083,63,5.8171745152354575,SANCTION_ABOVE_2X_PEER_MEDIAN,0.0,0.0,0.09857652603981458,0.0,0.0
Jammu And Kashmir,1083,63,5.8171745152354575,AVERAGE_PAYMENT_ABOVE_1M,0.0,0.0,0.08825677867062555,0.0,0.0
Jammu And Kashmir,1083,63,5.8171745152354575,HOUSE_OF_PARLIAMENT,2.0,2.0,0.0,,
Jammu And Kashmir,1083,63,5.8171745152354575,AVERAGE_RATING,0.0,0.0,0.0,,
Jammu And Kashmir,1083,63,5.8171745152354575,ACTUAL_VS_DISBURSED_RATIO,1.0,1.0,0.0,,
Jammu And Kashmir,1083,63,5.8171745152354575,RECOMMENDED_TO_SANCTION_DIFFERENCE,0.0,0.0,0.0,,
Jammu And Kashmir,1083,63,5.8171745152354575,SANCTION_TO_RECOMMENDED_RATIO,1.0,1.0,0.0,,
Jammu And Kashmir,1083,63,5.8171745152354575,ACTUAL_MINUS_DISBURSED,0.0,0.0,0.0,,
Jammu And Kashmir,1083,63,5.8171745152354575,STATE_WORK_COUNT,1083.0,1083.0,0.0,,
Jammu And Kashmir,1083,63,5.8171745152354575,STATE_TOTAL_DISBURSED,153309397.0,153309397.0,0.0,,
Jammu And Kashmir,1083,63,5.8171745152354575,DISBURSED_TO_PEER_MEDIAN,1.0,1.0,0.0,,
Jammu And Kashmir,1083,63,5.8171745152354575,PAYMENT_COUNT_GE_10,0.0,0.0,0.0,,
Jammu And Kashmir,1083,63,5.8171745152354575,VENDOR_COUNT_GE_5,0.0,0.0,0.0,,
Jammu And Kashmir,1083,63,5.8171745152354575,VENDOR_COUNT_GE_10,0.0,0.0,0.0,,
Jammu And Kashmir,1083,63,5.8171745152354575,NEGATIVE_RECOMMENDATION_TO_SANCTION,0.0,0.0,0.0,,
Jammu And Kashmir,1083,63,5.8171745152354575,NEGATIVE_SANCTION_TO_PAYMENT,0.0,0.0,0.0,,
Jammu And Kashmir,1083,63,5.8171745152354575,ACTUAL_ABOVE_SANCTION,0.0,0.0,0.0,,
Jammu And Kashmir,1083,63,5.8171745152354575,DISBURSED_ABOVE_SANCTION,0.0,0.0,0.0,,
Jammu And Kashmir,1083,63,5.8171745152354575,DISBURSED_MINUS_ACTUAL,0.0,0.0,0.0,,
Jammu And Kashmir,1083,63,5.8171745152354575,SANCTION_ABOVE_5X_PEER_MEDIAN,0.0,0.0,0.0,,
Jammu And Kashmir,1083,63,5.8171745152354575,DISBURSED_ABOVE_2X_PEER_MEDIAN,0.0,0.0,0.0,,
Jammu And Kashmir,1083,63,5.8171745152354575,TOTAL_DISBURSED_ABOVE_5M,0.0,0.0,0.0,,
Jharkhand,4402,76,1.7264879600181735,ACTUAL_TO_SANCTION_RATIO,0.601542,1.0,0.004957692243996049,-80.37166899227107,80.37166899227107
Jharkhand,4402,76,1.7264879600181735,ACTUAL_TO_RECOMMENDED_RATIO,0.601542,1.0,0.004957692243996049,-80.37166899227107,80.37166899227107
Jharkhand,4402,76,1.7264879600181735,ACTUAL_MINUS_SANCTION,-130919.5,0.0,1988.919987494283,-65.82441768556882,65.82441768556882
Jharkhand,4402,76,1.7264879600181735,PAYMENT_SUCCESS_RATIO,0.0,1.0,0.2093008718659884,-4.777810962203168,4.777810962203168
Jharkhand,4402,76,1.7264879600181735,PAYMENT_IN_PROGRESS_RATIO,1.0,0.0,0.20930087186598842,4.7778109622031675,4.7778109622031675
Jharkhand,4402,76,1.7264879600181735,PAYMENT_IN_PROGRESS_COUNT,1.0,0.0,0.21220674612124363,4.712385530988978,4.712385530988978
Jharkhand,4402,76,1.7264879600181735,DISBURSED_TO_SANCTION_RATIO,0.5,1.0,0.15352223121178826,-3.256857303684154,3.256857303684154
Jharkhand,4402,76,1.7264879600181735,REMAINING_SANCTION_RATIO,0.5,0.0,0.15352223121178826,3.256857303684154,3.256857303684154
Jharkhand,4402,76,1.7264879600181735,DISBURSED_TO_RECOMMENDED_RATIO,0.5,1.0,0.15354295157648226,-3.2564177962343117,3.2564177962343117
Jharkhand,4402,76,1.7264879600181735,REMAINING_SANCTION_AMOUNT,150290.0,0.0,76485.10527958446,1.9649577450489,1.9649577450489
Jharkhand,4402,76,1.7264879600181735,PAYMENT_SUCCESS_COUNT,0.0,1.0,0.5402134959471001,-1.851119987750036,1.851119987750036
Jharkhand,4402,76,1.7264879600181735,FIRST_PAYMENT_YEAR,2026.0,2025.0,0.5709352850548457,1.7515119947507485,1.7515119947507485
Jharkhand,4402,76,1.7264879600181735,RECOMMENDATION_YEAR,2026.0,2025.0,0.6374632934160476,1.568717776110975,1.568717776110975
Jharkhand,4402,76,1.7264879600181735,SANCTION_YEAR,2026.0,2025.0,0.6856209908485899,1.4585317738920227,1.4585317738920227
Jharkhand,4402,76,1.7264879600181735,MP_TOTAL_RECOMMENDED,145710045.0,118001602.0,20311133.789307635,1.364199718608841,1.364199718608841
Jharkhand,4402,76,1.7264879600181735,MP_TOTAL_SANCTIONED,145710045.0,118001602.0,20311133.789307635,1.364199718608841,1.364199718608841
Jharkhand,4402,76,1.7264879600181735,CONSTITUENCY_TOTAL_SANCTIONED,145710045.0,118001602.0,20311133.789307635,1.364199718608841,1.364199718608841
Jharkhand,4402,76,1.7264879600181735,RECOMMENDATION_MONTH,5.0,7.0,2.9850062020630648,-0.6700153582989928,0.6700153582989928
Jharkhand,4402,76,1.7264879600181735,TOTAL_FUND_DISBURSED_AMT,155197.0,300000.0,225286.76521363232,-0.642749696648571,0.642749696648571
Jharkhand,4402,76,1.7264879600181735,PEER_MEDIAN_DISBURSED,155197.0,300000.0,225286.76521363232,-0.642749696648571,0.642749696648571
Jharkhand,4402,76,1.7264879600181735,ACTUAL_AMOUNT,150385.5,300000.0,238960.5049719571,-0.6261055567218433,0.6261055567218433
Jharkhand,4402,76,1.7264879600181735,AVERAGE_PAYMENT_AMOUNT,155197.0,249745.0,172362.15387876672,-0.5485426926522491,0.5485426926522491
Jharkhand,4402,76,1.7264879600181735,MP_MEDIAN_SANCTION_AMOUNT,350000.0,300000.0,142802.874249266,0.35013300861664554,0.35013300861664554
Jharkhand,4402,76,1.7264879600181735,MP_TOTAL_DISBURSED,66597755.0,58553516.0,29710690.154195674,0.2707523439627676,0.2707523439627676
Jharkhand,4402,76,1.7264879600181735,CONSTITUENCY_TOTAL_DISBURSED,66597755.0,58553516.0,29710690.154195674,0.2707523439627676,0.2707523439627676
Jharkhand,4402,76,1.7264879600181735,SANCTION_TO_FIRST_PAYMENT_DAYS,29.0,13.0,94.22227693892718,0.16981122214198718,0.16981122214198718
Jharkhand,4402,76,1.7264879600181735,MP_AVG_SANCTION_AMOUNT,349424.5683453237,332823.5294117647,155525.2930692349,0.10674173059534937,0.10674173059534937
Jharkhand,4402,76,1.7264879600181735,CONSTITUENCY_AVG_SANCTION,349424.5683453237,332823.5294117647,155525.2930692349,0.10674173059534937,0.10674173059534937
Jharkhand,4402,76,1.7264879600181735,RECOMMENDATION_TO_FIRST_PAYMENT_DAYS,108.0,96.0,119.45294681474756,0.10045796541637506,0.10045796541637506
Jharkhand,4402,76,1.7264879600181735,RECOMMENDATION_TO_SANCTION_DAYS,78.5,71.0,80.71081186723114,0.09292435333617335,0.09292435333617335
Jharkhand,4402,76,1.7264879600181735,PEER_MEAN_SANCTION,312500.0,300000.0,234333.75405926688,0.0533427207283102,0.0533427207283102
Jharkhand,4402,76,1.7264879600181735,PEER_MEDIAN_SANCTION,312500.0,300000.0,235887.9846170473,0.05299125354050205,0.05299125354050205
Jharkhand,4402,76,1.7264879600181735,RECOMMENDED_AMOUNT,312500.0,300000.0,238060.73580655686,0.05250760885725077,0.05250760885725077
Jharkhand,4402,76,1.7264879600181735,SANCTION_AMOUNT,312500.0,300000.0,238060.73580655686,0.05250760885725077,0.05250760885725077
Jharkhand,4402,76,1.7264879600181735,PAYMENT_COUNT,1.0,1.0,0.46754158260853906,0.0,0.0
Jharkhand,4402,76,1.7264879600181735,EXPENDITURE_DURATION_DAYS,0.0,0.0,106.38507402269775,0.0,0.0
Jharkhand,4402,76,1.7264879600181735,FLAG,1.0,1.0,0.01520396084364803,0.0,0.0
Jharkhand,4402,76,1.7264879600181735,PAYMENTS_PER_VENDOR,1.0,1.0,0.46754158260853906,0.0,0.0
Jharkhand,4402,76,1.7264879600181735,IS_COMPLETED,0.0,0.0,0.3666141264420788,0.0,0.0
Jharkhand,4402,76,1.7264879600181735,HAS_ACTUAL_AMOUNT,0.0,0.0,0.3666141264420788,0.0,0.0
Jharkhand,4402,76,1.7264879600181735,HAS_ACTUAL_END_DATE,0.0,0.0,0.1339116504409199,0.0,0.0
Jharkhand,4402,76,1.7264879600181735,MP_WORK_COUNT,417.0,417.0,157.59555861810333,0.0,0.0
Jharkhand,4402,76,1.7264879600181735,CONSTITUENCY_WORK_COUNT,417.0,417.0,157.59555861810333,0.0,0.0
Jharkhand,4402,76,1.7264879600181735,STATE_AVG_WORK_COST,340303.69166098617,340303.69166098617,5.821438973389488e-11,0.0,0.0
Jharkhand,4402,76,1.7264879600181735,PEER_COUNT,1.0,1.0,59.21587631542181,0.0,0.0
Jharkhand,4402,76,1.7264879600181735,SANCTION_TO_PEER_MEDIAN,1.0,1.0,0.16434795480276543,0.0,0.0
Jharkhand,4402,76,1.7264879600181735,CATEGORY_WORK_COUNT,102324.0,102324.0,14480.350608396759,0.0,0.0
Jharkhand,4402,76,1.7264879600181735,ACTIVITY_WORK_COUNT,1.0,1.0,1115.638318491876,0.0,0.0
Jharkhand,4402,76,1.7264879600181735,NO_PAYMENT_RECORD,0.0,0.0,0.49765013729991164,0.0,0.0
Jharkhand,4402,76,1.7264879600181735,MULTIPLE_PAYMENTS,0.0,0.0,0.38177111851205964,0.0,0.0
Jharkhand,4402,76,1.7264879600181735,MISSING_FIELD_COUNT,2.0,2.0,1.912782774977053,0.0,0.0
Jharkhand,4402,76,1.7264879600181735,DATA_COMPLETENESS_RATIO,0.8181818181818181,0.8181818181818181,0.1738893431797321,0.0,0.0
Jharkhand,4402,76,1.7264879600181735,COMPLETION_BEFORE_LAST_PAYMENT,0.0,0.0,0.0661344769188538,0.0,0.0
Jharkhand,4402,76,1.7264879600181735,SANCTION_ABOVE_2X_PEER_MEDIAN,0.0,0.0,0.060710290775435785,0.0,0.0
Jharkhand,4402,76,1.7264879600181735,AVERAGE_PAYMENT_ABOVE_1M,0.0,0.0,0.06257147522204629,0.0,0.0
Jharkhand,4402,76,1.7264879600181735,UNIQUE_VENDOR_COUNT,1.0,1.0,0.0,,
Jharkhand,4402,76,1.7264879600181735,UNIQUE_VENDOR_NAME_COUNT,1.0,1.0,0.0,,
Jharkhand,4402,76,1.7264879600181735,HOUSE_OF_PARLIAMENT,2.0,2.0,0.0,,
Jharkhand,4402,76,1.7264879600181735,AVERAGE_RATING,0.0,0.0,0.0,,
Jharkhand,4402,76,1.7264879600181735,ACTUAL_VS_DISBURSED_RATIO,1.0,1.0,0.0,,
Jharkhand,4402,76,1.7264879600181735,RECOMMENDED_TO_SANCTION_DIFFERENCE,0.0,0.0,0.0,,
Jharkhand,4402,76,1.7264879600181735,SANCTION_TO_RECOMMENDED_RATIO,1.0,1.0,0.0,,
Jharkhand,4402,76,1.7264879600181735,ACTUAL_MINUS_DISBURSED,0.0,0.0,0.0,,
Jharkhand,4402,76,1.7264879600181735,STATE_WORK_COUNT,4402.0,4402.0,0.0,,
Jharkhand,4402,76,1.7264879600181735,STATE_TOTAL_RECOMMENDED,1497676547.0,1497676547.0,0.0,,
Jharkhand,4402,76,1.7264879600181735,STATE_TOTAL_SANCTIONED,1497676547.0,1497676547.0,0.0,,
Jharkhand,4402,76,1.7264879600181735,STATE_TOTAL_DISBURSED,865834595.0,865834595.0,0.0,,
Jharkhand,4402,76,1.7264879600181735,DISBURSED_TO_PEER_MEDIAN,1.0,1.0,0.0,,
Jharkhand,4402,76,1.7264879600181735,MULTIPLE_VENDORS,0.0,0.0,0.0,,
Jharkhand,4402,76,1.7264879600181735,PAYMENT_COUNT_GE_5,0.0,0.0,0.0,,
Jharkhand,4402,76,1.7264879600181735,PAYMENT_COUNT_GE_10,0.0,0.0,0.0,,
Jharkhand,4402,76,1.7264879600181735,VENDOR_COUNT_GE_5,0.0,0.0,0.0,,
Jharkhand,4402,76,1.7264879600181735,VENDOR_COUNT_GE_10,0.0,0.0,0.0,,
Jharkhand,4402,76,1.7264879600181735,NEGATIVE_RECOMMENDATION_TO_SANCTION,0.0,0.0,0.0,,
Jharkhand,4402,76,1.7264879600181735,NEGATIVE_SANCTION_TO_PAYMENT,0.0,0.0,0.0,,
Jharkhand,4402,76,1.7264879600181735,ACTUAL_ABOVE_SANCTION,0.0,0.0,0.0,,
Jharkhand,4402,76,1.7264879600181735,DISBURSED_ABOVE_SANCTION,0.0,0.0,0.0,,
Jharkhand,4402,76,1.7264879600181735,DISBURSED_MINUS_ACTUAL,0.0,0.0,0.0,,
Jharkhand,4402,76,1.7264879600181735,SANCTION_ABOVE_5X_PEER_MEDIAN,0.0,0.0,0.0,,
Jharkhand,4402,76,1.7264879600181735,DISBURSED_ABOVE_2X_PEER_MEDIAN,0.0,0.0,0.0,,
Jharkhand,4402,76,1.7264879600181735,TOTAL_DISBURSED_ABOVE_5M,0.0,0.0,0.0,,
Karnataka,4822,63,1.3065118208212358,PAYMENT_IN_PROGRESS_COUNT,1.0,0.0,0.27351445646802885,3.6561138775379143,3.6561138775379143
Karnataka,4822,63,1.3065118208212358,COMPLETION_DURATION_DAYS,477.5,169.0,111.10165650465379,2.776736276538574,2.776736276538574
Karnataka,4822,63,1.3065118208212358,RECOMMENDATION_TO_COMPLETION_DAYS,477.5,169.0,111.10165650465379,2.776736276538574,2.776736276538574
Karnataka,4822,63,1.3065118208212358,PAYMENT_SUCCESS_RATIO,0.5,1.0,0.2358266106567533,-2.1202017813322698,2.1202017813322698
Karnataka,4822,63,1.3065118208212358,PAYMENT_IN_PROGRESS_RATIO,0.5,0.0,0.2358266106567533,2.1202017813322698,2.1202017813322698
Karnataka,4822,63,1.3065118208212358,SANCTION_TO_COMPLETION_DAYS,261.0,97.0,77.50199067481144,2.116074678495979,2.116074678495979
Karnataka,4822,63,1.3065118208212358,NO_PAYMENT_RECORD,0.0,1.0,0.4969064078288485,-2.012451407840235,2.012451407840235
Karnataka,4822,63,1.3065118208212358,COMPLETION_YEAR,2026.0,2025.0,0.5022472023339227,1.991051409252336,1.991051409252336
Karnataka,4822,63,1.3065118208212358,SANCTION_YEAR,2026.0,2025.0,0.5088121298513263,1.9653619505733828,1.9653619505733828
Karnataka,4822,63,1.3065118208212358,DISBURSED_TO_RECOMMENDED_RATIO,0.75,0.997082,0.1336383542317176,-1.848885384891681,1.848885384891681
Karnataka,4822,63,1.3065118208212358,DISBURSED_TO_SANCTION_RATIO,0.75,0.997044,0.133626618604939,-1.848763386959408,1.848763386959408
Karnataka,4822,63,1.3065118208212358,REMAINING_SANCTION_RATIO,0.25,0.002956,0.133626618604939,1.8487633869594078,1.8487633869594078
Karnataka,4822,63,1.3065118208212358,DATA_COMPLETENESS_RATIO,0.8181818181818181,0.5454545454545454,0.19343820333823197,1.409893537164433,1.409893537164433
Karnataka,4822,63,1.3065118208212358,MISSING_FIELD_COUNT,2.0,5.0,2.1278202367205523,-1.4098935371644328,1.4098935371644328
Karnataka,4822,63,1.3065118208212358,PEER_MEDIAN_SANCTION,1000000.0,500000.0,406774.42873265693,1.2291824772707465,1.2291824772707465
Karnataka,4822,63,1.3065118208212358,PEER_MEAN_SANCTION,1000000.0,500000.0,416747.10158297326,1.1997683921514959,1.1997683921514959
Karnataka,4822,63,1.3065118208212358,REMAINING_SANCTION_AMOUNT,125000.0,1125.0,128157.19226256822,0.9665864069977839,0.9665864069977839
Karnataka,4822,63,1.3065118208212358,RECOMMENDATION_TO_FIRST_PAYMENT_DAYS,338.5,222.0,123.16947566649753,0.9458512295322562,0.9458512295322562
Karnataka,4822,63,1.3065118208212358,ATTACH_ID,2171569.0,1911466.5,276554.82274607074,0.9405097239574193,0.9405097239574193
Karnataka,4822,63,1.3065118208212358,SANCTION_AMOUNT,1000000.0,500000.0,556554.1839701034,0.8983851247569791,0.8983851247569791
Karnataka,4822,63,1.3065118208212358,RECOMMENDED_AMOUNT,1000000.0,500000.0,558879.8045606627,0.8946467485849693,0.8946467485849693
Karnataka,4822,63,1.3065118208212358,AVERAGE_PAYMENT_AMOUNT,562500.0,312000.0,293449.939144823,0.8536379347360287,0.8536379347360287
Karnataka,4822,63,1.3065118208212358,TOTAL_FUND_DISBURSED_AMT,750000.0,495015.0,349007.09180295473,0.7306011997714978,0.7306011997714978
Karnataka,4822,63,1.3065118208212358,PEER_MEDIAN_DISBURSED,750000.0,495015.0,349007.09180295473,0.7306011997714978,0.7306011997714978
Karnataka,4822,63,1.3065118208212358,DISBURSED_PER_EXPENDITURE_DAY,10841.021739130434,4740.285714285714,9241.780362681926,0.6601256235734986,0.6601256235734986
Karnataka,4822,63,1.3065118208212358,MP_WORK_COUNT,150.0,204.0,89.2607910947483,-0.6049688708526034,0.6049688708526034
Karnataka,4822,63,1.3065118208212358,CONSTITUENCY_WORK_COUNT,150.0,204.0,89.2607910947483,-0.6049688708526034,0.6049688708526034
Karnataka,4822,63,1.3065118208212358,RECOMMENDATION_TO_SANCTION_DAYS,229.0,163.0,115.60976238354431,0.5708860449089058,0.5708860449089058
Karnataka,4822,63,1.3065118208212358,MP_TOTAL_SANCTIONED,104812460.0,115450000.0,20250863.32298472,-0.5252882225483393,0.5252882225483393
Karnataka,4822,63,1.3065118208212358,CONSTITUENCY_TOTAL_SANCTIONED,104812460.0,115450000.0,20250863.32298472,-0.5252882225483393,0.5252882225483393
Karnataka,4822,63,1.3065118208212358,MP_TOTAL_RECOMMENDED,104812460.0,115450000.0,20658616.420977935,-0.5149202532846312,0.5149202532846312
Karnataka,4822,63,1.3065118208212358,MP_AVG_SANCTION_AMOUNT,649659.8639455782,534444.4444444445,287014.2821844451,0.40142747818762686,0.40142747818762686
Karnataka,4822,63,1.3065118208212358,CONSTITUENCY_AVG_SANCTION,649659.8639455782,534444.4444444445,287014.2821844451,0.40142747818762686,0.40142747818762686
Karnataka,4822,63,1.3065118208212358,RECOMMENDATION_MONTH,6.0,7.0,3.58349708468488,-0.27905701507998754,0.27905701507998754
Karnataka,4822,63,1.3065118208212358,SANCTION_TO_FIRST_PAYMENT_DAYS,35.5,17.0,80.11127512504409,0.23092879212225395,0.23092879212225395
Karnataka,4822,63,1.3065118208212358,PAYMENTS_PER_30_DAYS,0.4081632653061224,0.542997542997543,1.1363448368599605,-0.11865612736359635,0.11865612736359635
Karnataka,4822,63,1.3065118208212358,PAYMENTS_PER_100_DAYS,1.3605442176870748,1.8099918099918098,3.787816122866534,-0.11865612736359629,0.11865612736359629
Karnataka,4822,63,1.3065118208212358,MP_TOTAL_DISBURSED,49800000.0,48360818.0,18968034.66588135,0.07587407052712324,0.07587407052712324
Karnataka,4822,63,1.3065118208212358,CONSTITUENCY_TOTAL_DISBURSED,49800000.0,48360818.0,18968034.66588135,0.07587407052712324,0.07587407052712324
Karnataka,4822,63,1.3065118208212358,ACTUAL_AMOUNT,499256.5,499167.0,337609.7303899096,0.0002650989943229283,0.0002650989943229283
Karnataka,4822,63,1.3065118208212358,PAYMENT_COUNT,1.0,1.0,0.5410980277904355,0.0,0.0
Karnataka,4822,63,1.3065118208212358,EXPENDITURE_DURATION_DAYS,0.0,0.0,87.57593273257365,0.0,0.0
Karnataka,4822,63,1.3065118208212358,UNIQUE_VENDOR_COUNT,1.0,1.0,0.15525761703848107,0.0,0.0
Karnataka,4822,63,1.3065118208212358,UNIQUE_VENDOR_NAME_COUNT,1.0,1.0,0.15379444258883804,0.0,0.0
Karnataka,4822,63,1.3065118208212358,PAYMENT_SUCCESS_COUNT,1.0,1.0,0.6193735254947617,0.0,0.0
Karnataka,4822,63,1.3065118208212358,FLAG,1.0,1.0,0.07783223435664785,0.0,0.0
Karnataka,4822,63,1.3065118208212358,ACTUAL_TO_SANCTION_RATIO,1.0,1.0,0.059053533743142726,0.0,0.0
Karnataka,4822,63,1.3065118208212358,ACTUAL_TO_RECOMMENDED_RATIO,1.0,1.0,0.05913786358164287,0.0,0.0
Karnataka,4822,63,1.3065118208212358,PAYMENTS_PER_VENDOR,1.0,1.0,0.5146171917962628,0.0,0.0
Karnataka,4822,63,1.3065118208212358,LAST_PAYMENT_TO_COMPLETION_DAYS,0.0,0.0,15.20145006517747,0.0,0.0
Karnataka,4822,63,1.3065118208212358,IS_COMPLETED,0.0,0.0,0.3531825034958855,0.0,0.0
Karnataka,4822,63,1.3065118208212358,HAS_ACTUAL_AMOUNT,0.0,0.0,0.3531825034958855,0.0,0.0
Karnataka,4822,63,1.3065118208212358,HAS_ACTUAL_END_DATE,0.0,0.0,0.0878402942973233,0.0,0.0
Karnataka,4822,63,1.3065118208212358,ACTUAL_MINUS_SANCTION,0.0,0.0,23184.422708919246,0.0,0.0
Karnataka,4822,63,1.3065118208212358,STATE_AVG_WORK_COST,599506.9726684749,599506.9726684749,1.1642755482458609e-10,0.0,0.0
Karnataka,4822,63,1.3065118208212358,MP_MEDIAN_SANCTION_AMOUNT,500000.0,500000.0,235410.49563507037,0.0,0.0
Karnataka,4822,63,1.3065118208212358,PEER_COUNT,1.0,1.0,236.37242504784697,0.0,0.0
Karnataka,4822,63,1.3065118208212358,SANCTION_TO_PEER_MEDIAN,1.0,1.0,1.180598282391433,0.0,0.0
Karnataka,4822,63,1.3065118208212358,CATEGORY_WORK_COUNT,102324.0,102324.0,20608.240688499794,0.0,0.0
Karnataka,4822,63,1.3065118208212358,ACTIVITY_WORK_COUNT,1.0,1.0,1627.1851950550663,0.0,0.0
Karnataka,4822,63,1.3065118208212358,MULTIPLE_PAYMENTS,0.0,0.0,0.3911400482468307,0.0,0.0
Karnataka,4822,63,1.3065118208212358,MULTIPLE_VENDORS,0.0,0.0,0.09784926425437482,0.0,0.0
Karnataka,4822,63,1.3065118208212358,COMPLETION_BEFORE_LAST_PAYMENT,0.0,0.0,0.03548864854001283,0.0,0.0
Karnataka,4822,63,1.3065118208212358,RECOMMENDATION_YEAR,2025.0,2025.0,0.5945578306353134,0.0,0.0
Karnataka,4822,63,1.3065118208212358,FIRST_PAYMENT_YEAR,2026.0,2026.0,0.4995964899352961,0.0,0.0
Karnataka,4822,63,1.3065118208212358,SANCTION_ABOVE_2X_PEER_MEDIAN,0.0,0.0,0.15679519083597623,0.0,0.0
Karnataka,4822,63,1.3065118208212358,SANCTION_ABOVE_5X_PEER_MEDIAN,0.0,0.0,0.06935850022858961,0.0,0.0
Karnataka,4822,63,1.3065118208212358,AVERAGE_PAYMENT_ABOVE_1M,0.0,0.0,0.12291149494760376,0.0,0.0
Karnataka,4822,63,1.3065118208212358,HOUSE_OF_PARLIAMENT,2.0,2.0,0.0,,
Karnataka,4822,63,1.3065118208212358,AVERAGE_RATING,0.0,0.0,0.0,,
Karnataka,4822,63,1.3065118208212358,ACTUAL_VS_DISBURSED_RATIO,1.0,1.0,0.0,,
Karnataka,4822,63,1.3065118208212358,RECOMMENDED_TO_SANCTION_DIFFERENCE,0.0,0.0,0.0,,
Karnataka,4822,63,1.3065118208212358,SANCTION_TO_RECOMMENDED_RATIO,1.0,1.0,0.0,,
Karnataka,4822,63,1.3065118208212358,ACTUAL_MINUS_DISBURSED,0.0,0.0,0.0,,
Karnataka,4822,63,1.3065118208212358,STATE_WORK_COUNT,4822.0,4822.0,0.0,,
Karnataka,4822,63,1.3065118208212358,STATE_TOTAL_RECOMMENDED,2890021920.0,2890021920.0,0.0,,
Karnataka,4822,63,1.3065118208212358,STATE_TOTAL_SANCTIONED,2873436920.0,2873436920.0,0.0,,
Karnataka,4822,63,1.3065118208212358,STATE_TOTAL_DISBURSED,1155171468.0,1155171468.0,0.0,,
Karnataka,4822,63,1.3065118208212358,DISBURSED_TO_PEER_MEDIAN,1.0,1.0,0.0,,
Karnataka,4822,63,1.3065118208212358,PAYMENT_COUNT_GE_5,0.0,0.0,0.0,,
Karnataka,4822,63,1.3065118208212358,PAYMENT_COUNT_GE_10,0.0,0.0,0.0,,
Karnataka,4822,63,1.3065118208212358,VENDOR_COUNT_GE_5,0.0,0.0,0.0,,
Karnataka,4822,63,1.3065118208212358,VENDOR_COUNT_GE_10,0.0,0.0,0.0,,
Karnataka,4822,63,1.3065118208212358,NEGATIVE_RECOMMENDATION_TO_SANCTION,0.0,0.0,0.0,,
Karnataka,4822,63,1.3065118208212358,NEGATIVE_SANCTION_TO_PAYMENT,0.0,0.0,0.0,,
Karnataka,4822,63,1.3065118208212358,ACTUAL_ABOVE_SANCTION,0.0,0.0,0.0,,
Karnataka,4822,63,1.3065118208212358,DISBURSED_ABOVE_SANCTION,0.0,0.0,0.0,,
Karnataka,4822,63,1.3065118208212358,DISBURSED_MINUS_ACTUAL,0.0,0.0,0.0,,
Karnataka,4822,63,1.3065118208212358,DISBURSED_ABOVE_2X_PEER_MEDIAN,0.0,0.0,0.0,,
Karnataka,4822,63,1.3065118208212358,TOTAL_DISBURSED_ABOVE_5M,0.0,0.0,0.0,,
Kerala,4463,89,1.9941743222047952,IS_COMPLETED,1.0,0.0,0.410486490593419,2.436133765460471,2.436133765460471
Kerala,4463,89,1.9941743222047952,HAS_ACTUAL_AMOUNT,1.0,0.0,0.410486490593419,2.436133765460471,2.436133765460471
Kerala,4463,89,1.9941743222047952,NO_PAYMENT_RECORD,0.0,1.0,0.4494169153158312,-2.2251053886061283,2.2251053886061283
Kerala,4463,89,1.9941743222047952,PEER_MEDIAN_SANCTION,1500000.0,255470.0,594886.1740987977,2.0920472759101485,2.0920472759101485
Kerala,4463,89,1.9941743222047952,PEER_MEAN_SANCTION,1500000.0,271327.875,599732.8153643941,2.0486991765715974,2.0486991765715974
Kerala,4463,89,1.9941743222047952,MISSING_FIELD_COUNT,1.0,5.0,1.9973468877617475,-2.002656636415546,2.002656636415546
Kerala,4463,89,1.9941743222047952,DATA_COMPLETENESS_RATIO,0.9090909090909092,0.5454545454545454,0.18157698979652254,2.002656636415546,2.002656636415546
Kerala,4463,89,1.9941743222047952,SANCTION_YEAR,2025.0,2026.0,0.52483286409833,-1.9053684866286216,1.9053684866286216
Kerala,4463,89,1.9941743222047952,RECOMMENDED_AMOUNT,1500000.0,294145.0,654425.7338095978,1.8426154989052403,1.8426154989052403
Kerala,4463,89,1.9941743222047952,SANCTION_AMOUNT,1500000.0,294145.0,654425.7338095978,1.8426154989052403,1.8426154989052403
Kerala,4463,89,1.9941743222047952,ACTUAL_MINUS_SANCTION,-43205.0,0.0,24578.37626881072,-1.7578459832932882,1.7578459832932882
Kerala,4463,89,1.9941743222047952,TOTAL_FUND_DISBURSED_AMT,1053072.0,250000.0,504070.3416692085,1.5931744711276994,1.5931744711276994
Kerala,4463,89,1.9941743222047952,PEER_MEDIAN_DISBURSED,1053072.0,250000.0,504070.3416692085,1.5931744711276994,1.5931744711276994
Kerala,4463,89,1.9941743222047952,ACTUAL_AMOUNT,812911.0,242517.0,448657.19536787365,1.2713359016393553,1.2713359016393553
Kerala,4463,89,1.9941743222047952,REMAINING_SANCTION_RATIO,0.0947166,0.0,0.07669900747526553,1.2349129815082016,1.2349129815082016
Kerala,4463,89,1.9941743222047952,DISBURSED_TO_SANCTION_RATIO,0.9052834000000001,1.0,0.07669900747526553,-1.2349129815082007,1.2349129815082007
Kerala,4463,89,1.9941743222047952,DISBURSED_TO_RECOMMENDED_RATIO,0.9052834000000001,1.0,0.07669900747526553,-1.2349129815082007,1.2349129815082007
Kerala,4463,89,1.9941743222047952,AVERAGE_PAYMENT_AMOUNT,751712.5,244066.0,431138.30890586786,1.1774562582673127,1.1774562582673127
Kerala,4463,89,1.9941743222047952,MP_TOTAL_DISBURSED,42986769.0,28859881.0,13647479.328094386,1.0351280013239306,1.0351280013239306
Kerala,4463,89,1.9941743222047952,CONSTITUENCY_TOTAL_DISBURSED,42986769.0,28859881.0,13647479.328094386,1.0351280013239306,1.0351280013239306
Kerala,4463,89,1.9941743222047952,ATTACH_ID,2347318.0,2056188.5,306289.0977542674,0.9505055913990456,0.9505055913990456
Kerala,4463,89,1.9941743222047952,REMAINING_SANCTION_AMOUNT,77725.5,0.0,89361.16163677289,0.8697906179412879,0.8697906179412879
Kerala,4463,89,1.9941743222047952,LAST_PAYMENT_TO_COMPLETION_DAYS,-1.0,0.0,1.1874965227499996,-0.8421077290266115,0.8421077290266115
Kerala,4463,89,1.9941743222047952,MP_AVG_SANCTION_AMOUNT,691522.7720207254,479088.0823863637,253843.66556351128,0.8368721321557299,0.8368721321557299
Kerala,4463,89,1.9941743222047952,CONSTITUENCY_AVG_SANCTION,691522.7720207254,479088.0823863637,253843.66556351128,0.8368721321557299,0.8368721321557299
Kerala,4463,89,1.9941743222047952,ACTUAL_TO_SANCTION_RATIO,0.9203315,1.0,0.1048532474407469,-0.7598095618833466,0.7598095618833466
Kerala,4463,89,1.9941743222047952,ACTUAL_TO_RECOMMENDED_RATIO,0.9203315,1.0,0.1048532474407469,-0.7598095618833466,0.7598095618833466
Kerala,4463,89,1.9941743222047952,MP_WORK_COUNT,193.0,266.0,105.13045687779615,-0.6943753710197925,0.6943753710197925
Kerala,4463,89,1.9941743222047952,CONSTITUENCY_WORK_COUNT,193.0,266.0,105.13045687779615,-0.6943753710197925,0.6943753710197925
Kerala,4463,89,1.9941743222047952,SANCTION_TO_COMPLETION_DAYS,211.0,160.0,97.1214339818416,0.5251158051222273,0.5251158051222273
Kerala,4463,89,1.9941743222047952,SANCTION_TO_FIRST_PAYMENT_DAYS,117.5,178.5,123.3335504274217,-0.49459372399967333,0.49459372399967333
Kerala,4463,89,1.9941743222047952,RECOMMENDATION_MONTH,6.0,7.0,3.2968602060073073,-0.3033188966210548,0.3033188966210548
Kerala,4463,89,1.9941743222047952,RECOMMENDATION_TO_SANCTION_DAYS,176.0,138.0,134.8173087801665,0.28186291763146604,0.28186291763146604
Kerala,4463,89,1.9941743222047952,RECOMMENDATION_TO_FIRST_PAYMENT_DAYS,323.5,355.0,146.16448097730242,-0.21551063424835457,0.21551063424835457
Kerala,4463,89,1.9941743222047952,DISBURSED_PER_EXPENDITURE_DAY,12476.33606557377,9323.418175399667,20211.09439195061,0.15599936495422054,0.15599936495422054
Kerala,4463,89,1.9941743222047952,MP_TOTAL_RECOMMENDED,119060117.0,123052297.0,28525647.315542266,-0.13995054891619765,0.13995054891619765
Kerala,4463,89,1.9941743222047952,MP_TOTAL_SANCTIONED,119060117.0,123052297.0,28525647.315542266,-0.13995054891619765,0.13995054891619765
Kerala,4463,89,1.9941743222047952,CONSTITUENCY_TOTAL_SANCTIONED,119060117.0,123052297.0,28525647.315542266,-0.13995054891619765,0.13995054891619765
Kerala,4463,89,1.9941743222047952,PAYMENTS_PER_30_DAYS,0.5324746721118354,0.47900763358778625,0.5891088078005239,0.09075919051978162,0.09075919051978162
Kerala,4463,89,1.9941743222047952,PAYMENTS_PER_100_DAYS,1.774915573706118,1.5966921119592876,1.9636960260017462,0.09075919051978153,0.09075919051978153
Kerala,4463,89,1.9941743222047952,COMPLETION_DURATION_DAYS,408.0,414.0,96.00539537340275,-0.06249648758451168,0.06249648758451168
Kerala,4463,89,1.9941743222047952,RECOMMENDATION_TO_COMPLETION_DAYS,408.0,414.0,96.00539537340275,-0.06249648758451168,0.06249648758451168
Kerala,4463,89,1.9941743222047952,PAYMENT_COUNT,1.0,1.0,0.3486105258096749,0.0,0.0
Kerala,4463,89,1.9941743222047952,EXPENDITURE_DURATION_DAYS,0.0,0.0,27.641508076840328,0.0,0.0
Kerala,4463,89,1.9941743222047952,UNIQUE_VENDOR_COUNT,1.0,1.0,0.29393457125986416,0.0,0.0
Kerala,4463,89,1.9941743222047952,UNIQUE_VENDOR_NAME_COUNT,1.0,1.0,0.29393457125986416,0.0,0.0
Kerala,4463,89,1.9941743222047952,PAYMENT_SUCCESS_COUNT,1.0,1.0,0.3958596568753355,0.0,0.0
Kerala,4463,89,1.9941743222047952,PAYMENT_IN_PROGRESS_COUNT,0.0,0.0,0.17542915280535998,0.0,0.0
Kerala,4463,89,1.9941743222047952,AVERAGE_RATING,0.0,0.0,0.03265115742241696,0.0,0.0
Kerala,4463,89,1.9941743222047952,PAYMENT_SUCCESS_RATIO,1.0,1.0,0.17542915280535998,0.0,0.0
Kerala,4463,89,1.9941743222047952,PAYMENT_IN_PROGRESS_RATIO,0.0,0.0,0.17542915280535998,0.0,0.0
Kerala,4463,89,1.9941743222047952,PAYMENTS_PER_VENDOR,1.0,1.0,0.07443112466595873,0.0,0.0
Kerala,4463,89,1.9941743222047952,HAS_ACTUAL_END_DATE,0.0,0.0,0.09980243982019332,0.0,0.0
Kerala,4463,89,1.9941743222047952,MP_MEDIAN_SANCTION_AMOUNT,300000.0,300000.0,152867.33462605654,0.0,0.0
Kerala,4463,89,1.9941743222047952,PEER_COUNT,1.0,1.0,159.65847616305652,0.0,0.0
Kerala,4463,89,1.9941743222047952,SANCTION_TO_PEER_MEDIAN,1.0,1.0,0.5645777244126905,0.0,0.0
Kerala,4463,89,1.9941743222047952,CATEGORY_WORK_COUNT,102324.0,102324.0,13780.765631843546,0.0,0.0
Kerala,4463,89,1.9941743222047952,ACTIVITY_WORK_COUNT,1.0,1.0,1541.6137794241163,0.0,0.0
Kerala,4463,89,1.9941743222047952,MULTIPLE_PAYMENTS,0.0,0.0,0.11536850844049168,0.0,0.0
Kerala,4463,89,1.9941743222047952,MULTIPLE_VENDORS,0.0,0.0,0.11243621168181109,0.0,0.0
Kerala,4463,89,1.9941743222047952,PAYMENT_COUNT_GE_5,0.0,0.0,0.01512030705421715,0.0,0.0
Kerala,4463,89,1.9941743222047952,VENDOR_COUNT_GE_5,0.0,0.0,0.01512030705421715,0.0,0.0
Kerala,4463,89,1.9941743222047952,COMPLETION_BEFORE_LAST_PAYMENT,0.0,0.0,0.033794567791674474,0.0,0.0
Kerala,4463,89,1.9941743222047952,RECOMMENDATION_YEAR,2025.0,2025.0,0.6427637755341442,0.0,0.0
Kerala,4463,89,1.9941743222047952,FIRST_PAYMENT_YEAR,2026.0,2026.0,0.47066645245484606,0.0,0.0
Kerala,4463,89,1.9941743222047952,SANCTION_ABOVE_2X_PEER_MEDIAN,0.0,0.0,0.1790497486425188,0.0,0.0
Kerala,4463,89,1.9941743222047952,SANCTION_ABOVE_5X_PEER_MEDIAN,0.0,0.0,0.056490853248312364,0.0,0.0
Kerala,4463,89,1.9941743222047952,AVERAGE_PAYMENT_ABOVE_1M,0.0,0.0,0.15589911100945153,0.0,0.0
Kerala,4463,89,1.9941743222047952,FLAG,1.0,1.0,0.0,,
Kerala,4463,89,1.9941743222047952,HOUSE_OF_PARLIAMENT,2.0,2.0,0.0,,
Kerala,4463,89,1.9941743222047952,ACTUAL_VS_DISBURSED_RATIO,1.0,1.0,0.0,,
Kerala,4463,89,1.9941743222047952,RECOMMENDED_TO_SANCTION_DIFFERENCE,0.0,0.0,0.0,,
Kerala,4463,89,1.9941743222047952,SANCTION_TO_RECOMMENDED_RATIO,1.0,1.0,0.0,,
Kerala,4463,89,1.9941743222047952,ACTUAL_MINUS_DISBURSED,0.0,0.0,0.0,,
Kerala,4463,89,1.9941743222047952,STATE_WORK_COUNT,4463.0,4463.0,0.0,,
Kerala,4463,89,1.9941743222047952,STATE_TOTAL_RECOMMENDED,2446660930.34,2446660930.34,0.0,,
Kerala,4463,89,1.9941743222047952,STATE_TOTAL_SANCTIONED,2446660930.34,2446660930.34,0.0,,
Kerala,4463,89,1.9941743222047952,STATE_TOTAL_DISBURSED,682390033.0,682390033.0,0.0,,
Kerala,4463,89,1.9941743222047952,STATE_AVG_WORK_COST,548209.9328568229,548209.9328568229,0.0,,
Kerala,4463,89,1.9941743222047952,DISBURSED_TO_PEER_MEDIAN,1.0,1.0,0.0,,
Kerala,4463,89,1.9941743222047952,PAYMENT_COUNT_GE_10,0.0,0.0,0.0,,
Kerala,4463,89,1.9941743222047952,VENDOR_COUNT_GE_10,0.0,0.0,0.0,,
Kerala,4463,89,1.9941743222047952,NEGATIVE_RECOMMENDATION_TO_SANCTION,0.0,0.0,0.0,,
Kerala,4463,89,1.9941743222047952,NEGATIVE_SANCTION_TO_PAYMENT,0.0,0.0,0.0,,
Kerala,4463,89,1.9941743222047952,ACTUAL_ABOVE_SANCTION,0.0,0.0,0.0,,
Kerala,4463,89,1.9941743222047952,DISBURSED_ABOVE_SANCTION,0.0,0.0,0.0,,
Kerala,4463,89,1.9941743222047952,COMPLETION_YEAR,2026.0,2026.0,0.0,,
Kerala,4463,89,1.9941743222047952,DISBURSED_MINUS_ACTUAL,0.0,0.0,0.0,,
Kerala,4463,89,1.9941743222047952,DISBURSED_ABOVE_2X_PEER_MEDIAN,0.0,0.0,0.0,,
Kerala,4463,89,1.9941743222047952,TOTAL_DISBURSED_ABOVE_5M,0.0,0.0,0.0,,
Madhya Pradesh,7472,172,2.3019271948608138,MULTIPLE_PAYMENTS,1.0,0.0,0.4051733713293356,2.4680792736183386,2.4680792736183386
Madhya Pradesh,7472,172,2.3019271948608138,ACTUAL_AMOUNT,995172.0,199604.0,359938.322418448,2.2102897925803764,2.2102897925803764
Madhya Pradesh,7472,172,2.3019271948608138,FIRST_PAYMENT_YEAR,2026.0,2025.0,0.5509537594744158,1.815034352345564,1.815034352345564
Madhya Pradesh,7472,172,2.3019271948608138,SANCTION_TO_COMPLETION_DAYS,392.0,255.0,102.81219203793898,1.3325267877709026,1.3325267877709026
Madhya Pradesh,7472,172,2.3019271948608138,PAYMENTS_PER_100_DAYS,6.25,1.5037593984962403,3.7933363016937034,1.2512048033770669,1.2512048033770669
Madhya Pradesh,7472,172,2.3019271948608138,PAYMENTS_PER_30_DAYS,1.875,0.4511278195488721,1.1380008905081112,1.2512048033770666,1.2512048033770666
Madhya Pradesh,7472,172,2.3019271948608138,PAYMENTS_PER_VENDOR,2.0,1.0,0.9387179629147637,1.065282693531242,1.065282693531242
Madhya Pradesh,7472,172,2.3019271948608138,PAYMENT_COUNT,2.0,1.0,0.9923258894193243,1.007733457992481,1.007733457992481
Madhya Pradesh,7472,172,2.3019271948608138,PAYMENT_SUCCESS_COUNT,2.0,1.0,0.9988138191219518,1.001187589574092,1.001187589574092
Madhya Pradesh,7472,172,2.3019271948608138,DISBURSED_TO_RECOMMENDED_RATIO,0.8171255,1.0,0.19712399600479075,-0.9277130319312095,0.9277130319312095
Madhya Pradesh,7472,172,2.3019271948608138,DISBURSED_PER_EXPENDITURE_DAY,10420.176147054566,2327.643758227293,8804.565912213664,0.9191290597985461,0.9191290597985461
Madhya Pradesh,7472,172,2.3019271948608138,LAST_PAYMENT_TO_COMPLETION_DAYS,19.0,55.0,40.97122062966899,-0.8786655473459553,0.8786655473459553
Madhya Pradesh,7472,172,2.3019271948608138,DISBURSED_TO_SANCTION_RATIO,0.8370875,1.0,0.19713642902889608,-0.82639469935879,0.82639469935879
Madhya Pradesh,7472,172,2.3019271948608138,REMAINING_SANCTION_RATIO,0.16291250000000002,0.0,0.19713642902889608,0.82639469935879,0.82639469935879
Madhya Pradesh,7472,172,2.3019271948608138,ATTACH_ID,2096785.0,1898576.0,301953.9180134531,0.6564213549670487,0.6564213549670487
Madhya Pradesh,7472,172,2.3019271948608138,PEER_MEDIAN_SANCTION,500000.0,250000.0,392933.7007377609,0.6362396494131383,0.6362396494131383
Madhya Pradesh,7472,172,2.3019271948608138,MP_TOTAL_DISBURSED,82629431.0,60916831.0,35186799.43399066,0.6170666371839861,0.6170666371839861
Madhya Pradesh,7472,172,2.3019271948608138,CONSTITUENCY_TOTAL_DISBURSED,82629431.0,60916831.0,35186799.43399066,0.6170666371839861,0.6170666371839861
Madhya Pradesh,7472,172,2.3019271948608138,PEER_MEAN_SANCTION,500000.0,263432.4324324324,408194.05003165134,0.5795468296248417,0.5795468296248417
Madhya Pradesh,7472,172,2.3019271948608138,COMPLETION_DURATION_DAYS,433.0,361.0,132.52645242526472,0.5432877639322818,0.5432877639322818
Madhya Pradesh,7472,172,2.3019271948608138,RECOMMENDATION_TO_COMPLETION_DAYS,433.0,361.0,132.52645242526472,0.5432877639322818,0.5432877639322818
Madhya Pradesh,7472,172,2.3019271948608138,SANCTION_AMOUNT,500000.0,250000.0,587215.5077578069,0.4257380751993199,0.4257380751993199
Madhya Pradesh,7472,172,2.3019271948608138,RECOMMENDED_AMOUNT,500000.0,250000.0,587610.3879161017,0.42545197488185776,0.42545197488185776
Madhya Pradesh,7472,172,2.3019271948608138,REMAINING_SANCTION_AMOUNT,50000.0,0.0,125737.55054343659,0.39765368248308036,0.39765368248308036
Madhya Pradesh,7472,172,2.3019271948608138,RECOMMENDATION_TO_FIRST_PAYMENT_DAYS,78.0,116.0,113.88847076434999,-0.33365976156293226,0.33365976156293226
Madhya Pradesh,7472,172,2.3019271948608138,AVERAGE_PAYMENT_AMOUNT,100000.0,190546.0,298293.9278197064,-0.30354623931442365,0.30354623931442365
Madhya Pradesh,7472,172,2.3019271948608138,MP_TOTAL_RECOMMENDED,122106817.0,111277517.0,38721354.04775002,0.27967255449397843,0.27967255449397843
Madhya Pradesh,7472,172,2.3019271948608138,TOTAL_FUND_DISBURSED_AMT,304137.0,200000.0,385337.4290408491,0.2702488576290381,0.2702488576290381
Madhya Pradesh,7472,172,2.3019271948608138,PEER_MEDIAN_DISBURSED,304137.0,200000.0,385337.4290408491,0.2702488576290381,0.2702488576290381
Madhya Pradesh,7472,172,2.3019271948608138,MP_TOTAL_SANCTIONED,119606817.0,110777517.0,38719857.60879336,0.22803028072073403,0.22803028072073403
Madhya Pradesh,7472,172,2.3019271948608138,CONSTITUENCY_TOTAL_SANCTIONED,119606817.0,110777517.0,38719857.60879336,0.22803028072073403,0.22803028072073403
Madhya Pradesh,7472,172,2.3019271948608138,RECOMMENDATION_TO_SANCTION_DAYS,60.0,73.0,95.79076378025377,-0.1357124579340687,0.1357124579340687
Madhya Pradesh,7472,172,2.3019271948608138,SANCTION_TO_FIRST_PAYMENT_DAYS,18.5,26.0,76.9791684326608,-0.0974289558162841,0.0974289558162841
Madhya Pradesh,7472,172,2.3019271948608138,MP_WORK_COUNT,344.0,337.0,120.73704319876568,0.05797723560677327,0.05797723560677327
Madhya Pradesh,7472,172,2.3019271948608138,CONSTITUENCY_WORK_COUNT,344.0,337.0,120.73704319876568,0.05797723560677327,0.05797723560677327
Madhya Pradesh,7472,172,2.3019271948608138,MP_MEDIAN_SANCTION_AMOUNT,247537.0,250000.0,183195.19426121516,-0.01344467582751132,0.01344467582751132
Madhya Pradesh,7472,172,2.3019271948608138,ACTUAL_TO_RECOMMENDED_RATIO,0.9999998,1.0,0.006056446649194753,-3.302266355014331e-05,3.302266355014331e-05
Madhya Pradesh,7472,172,2.3019271948608138,EXPENDITURE_DURATION_DAYS,0.0,0.0,96.20576174874518,0.0,0.0
Madhya Pradesh,7472,172,2.3019271948608138,UNIQUE_VENDOR_COUNT,1.0,1.0,0.16287764387679413,0.0,0.0
Madhya Pradesh,7472,172,2.3019271948608138,UNIQUE_VENDOR_NAME_COUNT,1.0,1.0,0.16287764387679413,0.0,0.0
Madhya Pradesh,7472,172,2.3019271948608138,PAYMENT_IN_PROGRESS_COUNT,0.0,0.0,0.1339720553601593,0.0,0.0
Madhya Pradesh,7472,172,2.3019271948608138,FLAG,1.0,1.0,0.043753770995849504,0.0,0.0
Madhya Pradesh,7472,172,2.3019271948608138,ACTUAL_TO_SANCTION_RATIO,1.0,1.0,0.006056446649194753,0.0,0.0
Madhya Pradesh,7472,172,2.3019271948608138,PAYMENT_SUCCESS_RATIO,1.0,1.0,0.10146831104030701,0.0,0.0
Madhya Pradesh,7472,172,2.3019271948608138,PAYMENT_IN_PROGRESS_RATIO,0.0,0.0,0.10146831104030701,0.0,0.0
Madhya Pradesh,7472,172,2.3019271948608138,IS_COMPLETED,0.0,0.0,0.4583487256711714,0.0,0.0
Madhya Pradesh,7472,172,2.3019271948608138,HAS_ACTUAL_AMOUNT,0.0,0.0,0.4583487256711714,0.0,0.0
Madhya Pradesh,7472,172,2.3019271948608138,HAS_ACTUAL_END_DATE,0.0,0.0,0.13075525861389434,0.0,0.0
Madhya Pradesh,7472,172,2.3019271948608138,ACTUAL_MINUS_SANCTION,0.0,0.0,2354.416691808686,0.0,0.0
Madhya Pradesh,7472,172,2.3019271948608138,STATE_AVG_WORK_COST,420738.3370876911,420738.3370876911,5.821164814920956e-11,0.0,0.0
Madhya Pradesh,7472,172,2.3019271948608138,MP_AVG_SANCTION_AMOUNT,342156.9364640884,342156.9364640884,248519.5657546747,0.0,0.0
Madhya Pradesh,7472,172,2.3019271948608138,CONSTITUENCY_AVG_SANCTION,342156.9364640884,342156.9364640884,248519.5657546747,0.0,0.0
Madhya Pradesh,7472,172,2.3019271948608138,PEER_COUNT,1.0,1.0,74.01420467961255,0.0,0.0
Madhya Pradesh,7472,172,2.3019271948608138,SANCTION_TO_PEER_MEDIAN,1.0,1.0,1.5277784427746566,0.0,0.0
Madhya Pradesh,7472,172,2.3019271948608138,CATEGORY_WORK_COUNT,102324.0,102324.0,12032.229476309134,0.0,0.0
Madhya Pradesh,7472,172,2.3019271948608138,ACTIVITY_WORK_COUNT,1.0,1.0,962.8409647659929,0.0,0.0
Madhya Pradesh,7472,172,2.3019271948608138,NO_PAYMENT_RECORD,0.0,0.0,0.47852533925460056,0.0,0.0
Madhya Pradesh,7472,172,2.3019271948608138,MULTIPLE_VENDORS,0.0,0.0,0.08802449831719351,0.0,0.0
Madhya Pradesh,7472,172,2.3019271948608138,PAYMENT_COUNT_GE_5,0.0,0.0,0.09322795421287129,0.0,0.0
Madhya Pradesh,7472,172,2.3019271948608138,PAYMENT_COUNT_GE_10,0.0,0.0,0.04528634759871445,0.0,0.0
Madhya Pradesh,7472,172,2.3019271948608138,VENDOR_COUNT_GE_5,0.0,0.0,0.01655098387118821,0.0,0.0
Madhya Pradesh,7472,172,2.3019271948608138,MISSING_FIELD_COUNT,2.0,2.0,2.071204483490658,0.0,0.0
Madhya Pradesh,7472,172,2.3019271948608138,DATA_COMPLETENESS_RATIO,0.8181818181818181,0.8181818181818181,0.18829131668096888,0.0,0.0
Madhya Pradesh,7472,172,2.3019271948608138,COMPLETION_BEFORE_LAST_PAYMENT,0.0,0.0,0.06397859829426997,0.0,0.0
Madhya Pradesh,7472,172,2.3019271948608138,RECOMMENDATION_YEAR,2025.0,2025.0,0.6770073794504524,0.0,0.0
Madhya Pradesh,7472,172,2.3019271948608138,RECOMMENDATION_MONTH,6.0,6.0,3.1511910851278055,0.0,0.0
Madhya Pradesh,7472,172,2.3019271948608138,SANCTION_YEAR,2025.0,2025.0,0.6028859759820515,0.0,0.0
Madhya Pradesh,7472,172,2.3019271948608138,COMPLETION_YEAR,2026.0,2026.0,0.41076624604072465,0.0,0.0
Madhya Pradesh,7472,172,2.3019271948608138,SANCTION_ABOVE_2X_PEER_MEDIAN,0.0,0.0,0.14507648990803224,0.0,0.0
Madhya Pradesh,7472,172,2.3019271948608138,SANCTION_ABOVE_5X_PEER_MEDIAN,0.0,0.0,0.06503169436519098,0.0,0.0
Madhya Pradesh,7472,172,2.3019271948608138,AVERAGE_PAYMENT_ABOVE_1M,0.0,0.0,0.11215680353497223,0.0,0.0
Madhya Pradesh,7472,172,2.3019271948608138,TOTAL_DISBURSED_ABOVE_5M,0.0,0.0,0.011704114719613058,0.0,0.0
Madhya Pradesh,7472,172,2.3019271948608138,HOUSE_OF_PARLIAMENT,2.0,2.0,0.0,,
Madhya Pradesh,7472,172,2.3019271948608138,AVERAGE_RATING,0.0,0.0,0.0,,
Madhya Pradesh,7472,172,2.3019271948608138,ACTUAL_VS_DISBURSED_RATIO,1.0,1.0,0.0,,
Madhya Pradesh,7472,172,2.3019271948608138,RECOMMENDED_TO_SANCTION_DIFFERENCE,0.0,0.0,0.0,,
Madhya Pradesh,7472,172,2.3019271948608138,SANCTION_TO_RECOMMENDED_RATIO,1.0,1.0,0.0,,
Madhya Pradesh,7472,172,2.3019271948608138,ACTUAL_MINUS_DISBURSED,0.0,0.0,0.0,,
Madhya Pradesh,7472,172,2.3019271948608138,STATE_WORK_COUNT,7472.0,7472.0,0.0,,
Madhya Pradesh,7472,172,2.3019271948608138,STATE_TOTAL_RECOMMENDED,3142366518.0,3142366518.0,0.0,,
Madhya Pradesh,7472,172,2.3019271948608138,STATE_TOTAL_SANCTIONED,3137866518.0,3137866518.0,0.0,,
Madhya Pradesh,7472,172,2.3019271948608138,STATE_TOTAL_DISBURSED,1788928680.0,1788928680.0,0.0,,
Madhya Pradesh,7472,172,2.3019271948608138,DISBURSED_TO_PEER_MEDIAN,1.0,1.0,0.0,,
Madhya Pradesh,7472,172,2.3019271948608138,VENDOR_COUNT_GE_10,0.0,0.0,0.0,,
Madhya Pradesh,7472,172,2.3019271948608138,NEGATIVE_RECOMMENDATION_TO_SANCTION,0.0,0.0,0.0,,
Madhya Pradesh,7472,172,2.3019271948608138,NEGATIVE_SANCTION_TO_PAYMENT,0.0,0.0,0.0,,
Madhya Pradesh,7472,172,2.3019271948608138,ACTUAL_ABOVE_SANCTION,0.0,0.0,0.0,,
Madhya Pradesh,7472,172,2.3019271948608138,DISBURSED_ABOVE_SANCTION,0.0,0.0,0.0,,
Madhya Pradesh,7472,172,2.3019271948608138,DISBURSED_MINUS_ACTUAL,0.0,0.0,0.0,,
Madhya Pradesh,7472,172,2.3019271948608138,DISBURSED_ABOVE_2X_PEER_MEDIAN,0.0,0.0,0.0,,
Maharashtra,4861,72,1.4811767126105742,PAYMENT_IN_PROGRESS_RATIO,1.0,0.0,0.19421774322248167,5.148860157717274,5.148860157717274
Maharashtra,4861,72,1.4811767126105742,PAYMENT_SUCCESS_RATIO,0.0,1.0,0.1942177432224817,-5.148860157717273,5.148860157717273
Maharashtra,4861,72,1.4811767126105742,PAYMENT_IN_PROGRESS_COUNT,1.0,0.0,0.19536825687147716,5.118538784209193,5.118538784209193
Maharashtra,4861,72,1.4811767126105742,AVERAGE_PAYMENT_ABOVE_1M,1.0,0.0,0.21117617082088147,4.735382766496864,4.735382766496864
Maharashtra,4861,72,1.4811767126105742,ACTUAL_MINUS_SANCTION,-95456.0,0.0,27264.458594918702,-3.5011148183147935,3.5011148183147935
Maharashtra,4861,72,1.4811767126105742,PAYMENT_SUCCESS_COUNT,0.0,1.0,0.2928261136548476,-3.4149959766863347,3.4149959766863347
Maharashtra,4861,72,1.4811767126105742,IS_COMPLETED,1.0,0.0,0.39086432585303577,2.5584325144474764,2.5584325144474764
Maharashtra,4861,72,1.4811767126105742,HAS_ACTUAL_AMOUNT,1.0,0.0,0.39086432585303577,2.5584325144474764,2.5584325144474764
Maharashtra,4861,72,1.4811767126105742,NO_PAYMENT_RECORD,0.0,1.0,0.4706852310621671,-2.1245620937443905,2.1245620937443905
Maharashtra,4861,72,1.4811767126105742,COMPLETION_YEAR,2026.0,2025.0,0.483045891539648,2.0701966780270626,2.0701966780270626
Maharashtra,4861,72,1.4811767126105742,PEER_MEDIAN_SANCTION,2000000.0,1000000.0,511871.79476285673,1.9536141866603267,1.9536141866603267
Maharashtra,4861,72,1.4811767126105742,PEER_MEAN_SANCTION,2000000.0,990000.0,521849.7660098709,1.935422923962556,1.935422923962556
Maharashtra,4861,72,1.4811767126105742,ACTUAL_TO_SANCTION_RATIO,0.934803,1.0,0.03408397253871802,-1.9128345419812431,1.9128345419812431
Maharashtra,4861,72,1.4811767126105742,MISSING_FIELD_COUNT,2.0,6.0,2.106710846496423,-1.898694358863829,1.898694358863829
Maharashtra,4861,72,1.4811767126105742,DATA_COMPLETENESS_RATIO,0.8181818181818181,0.4545454545454546,0.1915191678633112,1.8986943588638283,1.8986943588638283
Maharashtra,4861,72,1.4811767126105742,ACTUAL_TO_RECOMMENDED_RATIO,0.934803,1.0,0.03434735409964748,-1.8981665898005544,1.8981665898005544
Maharashtra,4861,72,1.4811767126105742,RECOMMENDED_AMOUNT,2000000.0,1000000.0,715270.639019593,1.3980722057467363,1.3980722057467363
Maharashtra,4861,72,1.4811767126105742,SANCTION_AMOUNT,2000000.0,1000000.0,715644.4312066722,1.3973419709475923,1.3973419709475923
Maharashtra,4861,72,1.4811767126105742,TOTAL_FUND_DISBURSED_AMT,1837919.0,964028.5,640923.1506701817,1.3634871810859317,1.3634871810859317
Maharashtra,4861,72,1.4811767126105742,PEER_MEDIAN_DISBURSED,1837919.0,964028.5,640923.1506701817,1.3634871810859317,1.3634871810859317
Maharashtra,4861,72,1.4811767126105742,AVERAGE_PAYMENT_AMOUNT,1691178.0,922914.5,632627.9242045388,1.2144002352820709,1.2144002352820709
Maharashtra,4861,72,1.4811767126105742,MP_TOTAL_RECOMMENDED,131086044.0,100771173.0,25347271.389706507,1.1959816318655438,1.1959816318655438
Maharashtra,4861,72,1.4811767126105742,MP_TOTAL_SANCTIONED,130586044.0,100771173.0,25043073.670589935,1.1905435966917257,1.1905435966917257
Maharashtra,4861,72,1.4811767126105742,CONSTITUENCY_TOTAL_SANCTIONED,130586044.0,100771173.0,25043073.670589935,1.1905435966917257,1.1905435966917257
Maharashtra,4861,72,1.4811767126105742,RECOMMENDATION_TO_FIRST_PAYMENT_DAYS,442.5,298.5,126.15913463661093,1.1414155654664082,1.1414155654664082
Maharashtra,4861,72,1.4811767126105742,COMPLETION_DURATION_DAYS,333.0,216.0,104.67994304636622,1.1176926218633576,1.1176926218633576
Maharashtra,4861,72,1.4811767126105742,RECOMMENDATION_TO_COMPLETION_DAYS,333.0,216.0,104.67994304636622,1.1176926218633576,1.1176926218633576
Maharashtra,4861,72,1.4811767126105742,MP_AVG_SANCTION_AMOUNT,1280006.8264066495,891104.4683544304,427735.75885631406,0.9092117037211754,0.9092117037211754
Maharashtra,4861,72,1.4811767126105742,CONSTITUENCY_AVG_SANCTION,1280006.8264066495,891104.4683544304,427735.75885631406,0.9092117037211754,0.9092117037211754
Maharashtra,4861,72,1.4811767126105742,RECOMMENDATION_TO_SANCTION_DAYS,291.5,171.0,133.71658033963212,0.9011597491794751,0.9011597491794751
Maharashtra,4861,72,1.4811767126105742,MP_TOTAL_DISBURSED,46225095.5,29004008.0,20617342.621044688,0.8352719269660854,0.8352719269660854
Maharashtra,4861,72,1.4811767126105742,CONSTITUENCY_TOTAL_DISBURSED,46225095.5,29004008.0,20617342.621044688,0.8352719269660854,0.8352719269660854
Maharashtra,4861,72,1.4811767126105742,MP_WORK_COUNT,77.0,126.0,60.014525212013034,-0.8164690102420694,0.8164690102420694
Maharashtra,4861,72,1.4811767126105742,CONSTITUENCY_WORK_COUNT,77.0,126.0,60.014525212013034,-0.8164690102420694,0.8164690102420694
Maharashtra,4861,72,1.4811767126105742,ACTUAL_AMOUNT,992586.0,699760.0,687192.8350551345,0.4261191110592795,0.4261191110592795
Maharashtra,4861,72,1.4811767126105742,SANCTION_TO_COMPLETION_DAYS,77.0,35.0,107.79563998604026,0.3896261481952246,0.3896261481952246
Maharashtra,4861,72,1.4811767126105742,ATTACH_ID,2172727.5,2069530.0,324463.76776563225,0.31805554349150617,0.31805554349150617
Maharashtra,4861,72,1.4811767126105742,RECOMMENDATION_MONTH,5.0,6.0,3.403767037524966,-0.2937921394077385,0.2937921394077385
Maharashtra,4861,72,1.4811767126105742,PAYMENTS_PER_100_DAYS,1.5828830304022707,2.3255813953488373,6.970423302645651,-0.10654996586285836,0.10654996586285836
Maharashtra,4861,72,1.4811767126105742,PAYMENTS_PER_30_DAYS,0.47486490912068124,0.6976744186046512,2.091126990793695,-0.10654996586285835,0.10654996586285835
Maharashtra,4861,72,1.4811767126105742,DISBURSED_PER_EXPENDITURE_DAY,6622.9965880893305,9411.764705882351,31006.204610820583,-0.08994226003461879,0.08994226003461879
Maharashtra,4861,72,1.4811767126105742,DISBURSED_TO_RECOMMENDED_RATIO,0.992091232490913,0.9987279285714286,0.09506304630086539,-0.06981362725859881,0.06981362725859881
Maharashtra,4861,72,1.4811767126105742,DISBURSED_TO_SANCTION_RATIO,0.992091232490913,0.9987437948717949,0.0954561963896762,-0.06969230529283213,0.06969230529283213
Maharashtra,4861,72,1.4811767126105742,REMAINING_SANCTION_RATIO,0.00790876750908685,0.0012562051282051,0.0954561963896762,0.06969230529283103,0.06969230529283103
Maharashtra,4861,72,1.4811767126105742,REMAINING_SANCTION_AMOUNT,10948.5,471.0,154523.1739243459,0.06780536364810727,0.06780536364810727
Maharashtra,4861,72,1.4811767126105742,ACTIVITY_WORK_COUNT,1.0,34.0,1838.5593998560826,-0.017948835377623998,0.017948835377623998
Maharashtra,4861,72,1.4811767126105742,SANCTION_TO_FIRST_PAYMENT_DAYS,21.0,22.0,107.97295377032026,-0.009261578618356565,0.009261578618356565
Maharashtra,4861,72,1.4811767126105742,PEER_COUNT,1.0,2.0,300.23297800114074,-0.003330746697640259,0.003330746697640259
Maharashtra,4861,72,1.4811767126105742,PAYMENT_COUNT,1.0,1.0,0.2123228030776907,0.0,0.0
Maharashtra,4861,72,1.4811767126105742,EXPENDITURE_DURATION_DAYS,0.0,0.0,28.852962072307385,0.0,0.0
Maharashtra,4861,72,1.4811767126105742,UNIQUE_VENDOR_COUNT,1.0,1.0,0.043464517214002116,0.0,0.0
Maharashtra,4861,72,1.4811767126105742,UNIQUE_VENDOR_NAME_COUNT,1.0,1.0,0.043464517214002116,0.0,0.0
Maharashtra,4861,72,1.4811767126105742,FLAG,1.0,1.0,0.08518519491876572,0.0,0.0
Maharashtra,4861,72,1.4811767126105742,PAYMENTS_PER_VENDOR,1.0,1.0,0.20823942745520765,0.0,0.0
Maharashtra,4861,72,1.4811767126105742,LAST_PAYMENT_TO_COMPLETION_DAYS,0.0,0.0,33.514034018459725,0.0,0.0
Maharashtra,4861,72,1.4811767126105742,HAS_ACTUAL_END_DATE,0.0,0.0,0.06608125483764363,0.0,0.0
Maharashtra,4861,72,1.4811767126105742,STATE_AVG_WORK_COST,966504.9858827186,966504.9858827186,3.492824345421977e-10,0.0,0.0
Maharashtra,4861,72,1.4811767126105742,MP_MEDIAN_SANCTION_AMOUNT,1000000.0,1000000.0,410378.1822165769,0.0,0.0
Maharashtra,4861,72,1.4811767126105742,SANCTION_TO_PEER_MEDIAN,1.0,1.0,0.654679546408547,0.0,0.0
Maharashtra,4861,72,1.4811767126105742,CATEGORY_WORK_COUNT,102324.0,102324.0,14887.130344241601,0.0,0.0
Maharashtra,4861,72,1.4811767126105742,MULTIPLE_PAYMENTS,0.0,0.0,0.12417264479445002,0.0,0.0
Maharashtra,4861,72,1.4811767126105742,MULTIPLE_VENDORS,0.0,0.0,0.025023467236633973,0.0,0.0
Maharashtra,4861,72,1.4811767126105742,COMPLETION_BEFORE_LAST_PAYMENT,0.0,0.0,0.035377433740894436,0.0,0.0
Maharashtra,4861,72,1.4811767126105742,RECOMMENDATION_YEAR,2025.0,2025.0,0.5664276616738089,0.0,0.0
Maharashtra,4861,72,1.4811767126105742,SANCTION_YEAR,2026.0,2026.0,0.5256772831314128,0.0,0.0
Maharashtra,4861,72,1.4811767126105742,FIRST_PAYMENT_YEAR,2026.0,2026.0,0.4492769544560542,0.0,0.0
Maharashtra,4861,72,1.4811767126105742,SANCTION_ABOVE_2X_PEER_MEDIAN,0.0,0.0,0.18970443702992038,0.0,0.0
Maharashtra,4861,72,1.4811767126105742,SANCTION_ABOVE_5X_PEER_MEDIAN,0.0,0.0,0.061198597780841184,0.0,0.0
Maharashtra,4861,72,1.4811767126105742,TOTAL_DISBURSED_ABOVE_5M,0.0,0.0,0.020433709844959017,0.0,0.0
Maharashtra,4861,72,1.4811767126105742,HOUSE_OF_PARLIAMENT,2.0,2.0,0.0,,
Maharashtra,4861,72,1.4811767126105742,AVERAGE_RATING,0.0,0.0,0.0,,
Maharashtra,4861,72,1.4811767126105742,ACTUAL_VS_DISBURSED_RATIO,1.0,1.0,0.0,,
Maharashtra,4861,72,1.4811767126105742,RECOMMENDED_TO_SANCTION_DIFFERENCE,0.0,0.0,0.0,,
Maharashtra,4861,72,1.4811767126105742,SANCTION_TO_RECOMMENDED_RATIO,1.0,1.0,0.0,,
Maharashtra,4861,72,1.4811767126105742,ACTUAL_MINUS_DISBURSED,0.0,0.0,0.0,,
Maharashtra,4861,72,1.4811767126105742,STATE_WORK_COUNT,4861.0,4861.0,0.0,,
Maharashtra,4861,72,1.4811767126105742,STATE_TOTAL_RECOMMENDED,4680853061.87,4680853061.87,0.0,,
Maharashtra,4861,72,1.4811767126105742,STATE_TOTAL_SANCTIONED,4664353061.87,4664353061.87,0.0,,
Maharashtra,4861,72,1.4811767126105742,STATE_TOTAL_DISBURSED,1490460854.0,1490460854.0,0.0,,
Maharashtra,4861,72,1.4811767126105742,DISBURSED_TO_PEER_MEDIAN,1.0,1.0,0.0,,
Maharashtra,4861,72,1.4811767126105742,PAYMENT_COUNT_GE_5,0.0,0.0,0.0,,
Maharashtra,4861,72,1.4811767126105742,PAYMENT_COUNT_GE_10,0.0,0.0,0.0,,
Maharashtra,4861,72,1.4811767126105742,VENDOR_COUNT_GE_5,0.0,0.0,0.0,,
Maharashtra,4861,72,1.4811767126105742,VENDOR_COUNT_GE_10,0.0,0.0,0.0,,
Maharashtra,4861,72,1.4811767126105742,NEGATIVE_RECOMMENDATION_TO_SANCTION,0.0,0.0,0.0,,
Maharashtra,4861,72,1.4811767126105742,NEGATIVE_SANCTION_TO_PAYMENT,0.0,0.0,0.0,,
Maharashtra,4861,72,1.4811767126105742,ACTUAL_ABOVE_SANCTION,0.0,0.0,0.0,,
Maharashtra,4861,72,1.4811767126105742,DISBURSED_ABOVE_SANCTION,0.0,0.0,0.0,,
Maharashtra,4861,72,1.4811767126105742,DISBURSED_MINUS_ACTUAL,0.0,0.0,0.0,,
Maharashtra,4861,72,1.4811767126105742,DISBURSED_ABOVE_2X_PEER_MEDIAN,0.0,0.0,0.0,,
Meghalaya,582,12,2.0618556701030926,PAYMENT_SUCCESS_RATIO,0.5,1.0,0.06636300864218088,-7.53431784107202,7.53431784107202
Meghalaya,582,12,2.0618556701030926,PAYMENT_IN_PROGRESS_RATIO,0.5,0.0,0.06636300864218088,7.53431784107202,7.53431784107202
Meghalaya,582,12,2.0618556701030926,PAYMENT_IN_PROGRESS_COUNT,0.5,0.0,0.13272601728436176,3.76715892053601,3.76715892053601
Meghalaya,582,12,2.0618556701030926,PAYMENT_SUCCESS_COUNT,0.5,2.0,0.5120609715052878,-2.9293386597898725,2.9293386597898725
Meghalaya,582,12,2.0618556701030926,DISBURSED_TO_SANCTION_RATIO,0.5,1.0,0.21676488779989128,-2.3066466394759475,2.3066466394759475
Meghalaya,582,12,2.0618556701030926,DISBURSED_TO_RECOMMENDED_RATIO,0.5,1.0,0.21676488779989128,-2.3066466394759475,2.3066466394759475
Meghalaya,582,12,2.0618556701030926,REMAINING_SANCTION_RATIO,0.5,0.0,0.21676488779989128,2.3066466394759475,2.3066466394759475
Meghalaya,582,12,2.0618556701030926,SANCTION_YEAR,2026.0,2025.0,0.4820259311354873,2.0745771864271783,2.0745771864271783
Meghalaya,582,12,2.0618556701030926,FIRST_PAYMENT_YEAR,2026.0,2025.0,0.4940431264255693,2.0241147918301343,2.0241147918301343
Meghalaya,582,12,2.0618556701030926,MULTIPLE_PAYMENTS,0.0,1.0,0.5002419788772345,-1.9990325526946873,1.9990325526946873
Meghalaya,582,12,2.0618556701030926,PAYMENT_COUNT,1.0,2.0,0.506268329359032,-1.9752371262608186,1.9752371262608186
Meghalaya,582,12,2.0618556701030926,PAYMENTS_PER_VENDOR,1.0,2.0,0.5070306553578963,-1.9722673361714844,1.9722673361714844
Meghalaya,582,12,2.0618556701030926,REMAINING_SANCTION_AMOUNT,100000.0,0.0,102412.96571035542,0.9764388650048493,0.9764388650048493
Meghalaya,582,12,2.0618556701030926,TOTAL_FUND_DISBURSED_AMT,125000.0,250000.0,247061.25063309786,-0.5059474105295175,0.5059474105295175
Meghalaya,582,12,2.0618556701030926,PEER_MEDIAN_DISBURSED,125000.0,250000.0,247061.25063309786,-0.5059474105295175,0.5059474105295175
Meghalaya,582,12,2.0618556701030926,EXPENDITURE_DURATION_DAYS,0.0,47.0,99.48937835333163,-0.4724122391546343,0.4724122391546343
Meghalaya,582,12,2.0618556701030926,RECOMMENDATION_TO_SANCTION_DAYS,81.0,116.0,83.7667188175753,-0.41782703792208903,0.41782703792208903
Meghalaya,582,12,2.0618556701030926,RECOMMENDATION_MONTH,7.0,8.0,3.5363077949879163,-0.2827808148988957,0.2827808148988957
Meghalaya,582,12,2.0618556701030926,RECOMMENDATION_TO_FIRST_PAYMENT_DAYS,127.5,155.0,110.87364157645673,-0.24803009632398904,0.24803009632398904
Meghalaya,582,12,2.0618556701030926,PEER_MEAN_SANCTION,250000.0,300000.0,245298.33707859105,-0.20383342421102724,0.20383342421102724
Meghalaya,582,12,2.0618556701030926,PEER_MEDIAN_SANCTION,250000.0,300000.0,246365.07677839242,-0.2029508429272037,0.2029508429272037
Meghalaya,582,12,2.0618556701030926,SANCTION_AMOUNT,250000.0,300000.0,247776.0347623625,-0.2017951415194536,0.2017951415194536
Meghalaya,582,12,2.0618556701030926,RECOMMENDED_AMOUNT,250000.0,300000.0,314671.6538641977,-0.15889578672243038,0.15889578672243038
Meghalaya,582,12,2.0618556701030926,AVERAGE_PAYMENT_AMOUNT,125000.0,150000.0,172993.76418647935,-0.14451387954684392,0.14451387954684392
Meghalaya,582,12,2.0618556701030926,SANCTION_TO_FIRST_PAYMENT_DAYS,34.0,26.0,62.97784910772653,0.12702879049291807,0.12702879049291807
Meghalaya,582,12,2.0618556701030926,UNIQUE_VENDOR_COUNT,1.0,1.0,0.04729837698404021,0.0,0.0
Meghalaya,582,12,2.0618556701030926,FLAG,1.0,1.0,0.041885390829169554,0.0,0.0
Meghalaya,582,12,2.0618556701030926,IS_COMPLETED,0.0,0.0,0.4910320225798321,0.0,0.0
Meghalaya,582,12,2.0618556701030926,HAS_ACTUAL_AMOUNT,0.0,0.0,0.4910320225798321,0.0,0.0
Meghalaya,582,12,2.0618556701030926,HAS_ACTUAL_END_DATE,0.0,0.0,0.0835496529444485,0.0,0.0
Meghalaya,582,12,2.0618556701030926,MP_WORK_COUNT,341.0,341.0,49.38776651677762,0.0,0.0
Meghalaya,582,12,2.0618556701030926,CONSTITUENCY_WORK_COUNT,341.0,341.0,49.38776651677762,0.0,0.0
Meghalaya,582,12,2.0618556701030926,MP_TOTAL_RECOMMENDED,140670000.0,140670000.0,21073759.972709008,0.0,0.0
Meghalaya,582,12,2.0618556701030926,MP_TOTAL_SANCTIONED,135670000.0,135670000.0,18604371.64687013,0.0,0.0
Meghalaya,582,12,2.0618556701030926,MP_TOTAL_DISBURSED,99520000.0,99520000.0,13737207.256641693,0.0,0.0
Meghalaya,582,12,2.0618556701030926,MP_AVG_SANCTION_AMOUNT,399029.4117647059,399029.4117647059,3758.2077198201373,0.0,0.0
Meghalaya,582,12,2.0618556701030926,MP_MEDIAN_SANCTION_AMOUNT,200000.0,200000.0,98775.53303355523,0.0,0.0
Meghalaya,582,12,2.0618556701030926,CONSTITUENCY_TOTAL_SANCTIONED,135670000.0,135670000.0,18604371.64687013,0.0,0.0
Meghalaya,582,12,2.0618556701030926,CONSTITUENCY_TOTAL_DISBURSED,99520000.0,99520000.0,13737207.256641693,0.0,0.0
Meghalaya,582,12,2.0618556701030926,CONSTITUENCY_AVG_SANCTION,399029.4117647059,399029.4117647059,3758.2077198201373,0.0,0.0
Meghalaya,582,12,2.0618556701030926,PEER_COUNT,1.0,1.0,22.614351328551553,0.0,0.0
Meghalaya,582,12,2.0618556701030926,SANCTION_TO_PEER_MEDIAN,1.0,1.0,0.09816472556559007,0.0,0.0
Meghalaya,582,12,2.0618556701030926,CATEGORY_WORK_COUNT,102324.0,102324.0,11131.327499242005,0.0,0.0
Meghalaya,582,12,2.0618556701030926,ACTIVITY_WORK_COUNT,1.0,1.0,427.0714013039681,0.0,0.0
Meghalaya,582,12,2.0618556701030926,NO_PAYMENT_RECORD,0.0,0.0,0.4117302313029626,0.0,0.0
Meghalaya,582,12,2.0618556701030926,MULTIPLE_VENDORS,0.0,0.0,0.041885390829169554,0.0,0.0
Meghalaya,582,12,2.0618556701030926,MISSING_FIELD_COUNT,2.0,2.0,1.8782845926063259,0.0,0.0
Meghalaya,582,12,2.0618556701030926,DATA_COMPLETENESS_RATIO,0.8181818181818181,0.8181818181818181,0.17075314478239326,0.0,0.0
Meghalaya,582,12,2.0618556701030926,RECOMMENDATION_YEAR,2025.0,2025.0,0.5988431688987529,0.0,0.0
Meghalaya,582,12,2.0618556701030926,AVERAGE_PAYMENT_ABOVE_1M,0.0,0.0,0.05918281313922712,0.0,0.0
Meghalaya,582,12,2.0618556701030926,UNIQUE_VENDOR_NAME_COUNT,1.0,1.0,0.0,,
Meghalaya,582,12,2.0618556701030926,HOUSE_OF_PARLIAMENT,2.0,2.0,0.0,,
Meghalaya,582,12,2.0618556701030926,RECOMMENDED_TO_SANCTION_DIFFERENCE,0.0,0.0,0.0,,
Meghalaya,582,12,2.0618556701030926,SANCTION_TO_RECOMMENDED_RATIO,1.0,1.0,0.0,,
Meghalaya,582,12,2.0618556701030926,STATE_WORK_COUNT,582.0,582.0,0.0,,
Meghalaya,582,12,2.0618556701030926,STATE_TOTAL_RECOMMENDED,238670000.0,238670000.0,0.0,,
Meghalaya,582,12,2.0618556701030926,STATE_TOTAL_SANCTIONED,233670000.0,233670000.0,0.0,,
Meghalaya,582,12,2.0618556701030926,STATE_TOTAL_DISBURSED,171225000.0,171225000.0,0.0,,
Meghalaya,582,12,2.0618556701030926,STATE_AVG_WORK_COST,402185.8864027539,402185.8864027539,0.0,,
Meghalaya,582,12,2.0618556701030926,DISBURSED_TO_PEER_MEDIAN,1.0,1.0,0.0,,
Meghalaya,582,12,2.0618556701030926,PAYMENT_COUNT_GE_5,0.0,0.0,0.0,,
Meghalaya,582,12,2.0618556701030926,PAYMENT_COUNT_GE_10,0.0,0.0,0.0,,
Meghalaya,582,12,2.0618556701030926,VENDOR_COUNT_GE_5,0.0,0.0,0.0,,
Meghalaya,582,12,2.0618556701030926,VENDOR_COUNT_GE_10,0.0,0.0,0.0,,
Meghalaya,582,12,2.0618556701030926,NEGATIVE_RECOMMENDATION_TO_SANCTION,0.0,0.0,0.0,,
Meghalaya,582,12,2.0618556701030926,NEGATIVE_SANCTION_TO_PAYMENT,0.0,0.0,0.0,,
Meghalaya,582,12,2.0618556701030926,COMPLETION_BEFORE_LAST_PAYMENT,0.0,0.0,0.0,,
Meghalaya,582,12,2.0618556701030926,ACTUAL_ABOVE_SANCTION,0.0,0.0,0.0,,
Meghalaya,582,12,2.0618556701030926,DISBURSED_ABOVE_SANCTION,0.0,0.0,0.0,,
Meghalaya,582,12,2.0618556701030926,SANCTION_ABOVE_2X_PEER_MEDIAN,0.0,0.0,0.0,,
Meghalaya,582,12,2.0618556701030926,SANCTION_ABOVE_5X_PEER_MEDIAN,0.0,0.0,0.0,,
Meghalaya,582,12,2.0618556701030926,DISBURSED_ABOVE_2X_PEER_MEDIAN,0.0,0.0,0.0,,
Meghalaya,582,12,2.0618556701030926,TOTAL_DISBURSED_ABOVE_5M,0.0,0.0,0.0,,
Odisha,5800,80,1.3793103448275863,MULTIPLE_VENDORS,1.0,0.0,0.2960217296139765,3.378130386928141,3.378130386928141
Odisha,5800,80,1.3793103448275863,MULTIPLE_PAYMENTS,1.0,0.0,0.30280348445267624,3.302471904534128,3.302471904534128
Odisha,5800,80,1.3793103448275863,ACTUAL_MINUS_SANCTION,-10438.0,0.0,4346.544963779214,-2.401447606543201,2.401447606543201
Odisha,5800,80,1.3793103448275863,COMPLETION_DURATION_DAYS,421.5,128.0,138.3276480699046,2.121773948268666,2.121773948268666
Odisha,5800,80,1.3793103448275863,RECOMMENDATION_TO_COMPLETION_DAYS,421.5,128.0,138.3276480699046,2.121773948268666,2.121773948268666
Odisha,5800,80,1.3793103448275863,NO_PAYMENT_RECORD,0.0,1.0,0.4761225119639784,-2.100299765022781,2.100299765022781
Odisha,5800,80,1.3793103448275863,COMPLETION_YEAR,2026.0,2025.0,0.49114974312875154,2.0360389351519155,2.0360389351519155
Odisha,5800,80,1.3793103448275863,SANCTION_TO_COMPLETION_DAYS,328.5,79.0,125.1481903539647,1.993636498412986,1.993636498412986
Odisha,5800,80,1.3793103448275863,UNIQUE_VENDOR_NAME_COUNT,3.0,1.0,1.2864596972463829,1.5546542221889441,1.5546542221889441
Odisha,5800,80,1.3793103448275863,UNIQUE_VENDOR_COUNT,3.0,1.0,1.2893420084154827,1.5511788082185187,1.5511788082185187
Odisha,5800,80,1.3793103448275863,PAYMENT_COUNT,3.0,1.0,1.3105848881866626,1.526036213317871,1.526036213317871
Odisha,5800,80,1.3793103448275863,MISSING_FIELD_COUNT,2.0,5.0,2.0292124044692965,-1.4784061014966028,1.4784061014966028
Odisha,5800,80,1.3793103448275863,DATA_COMPLETENESS_RATIO,0.8181818181818181,0.5454545454545454,0.18447385495175425,1.4784061014966023,1.4784061014966023
Odisha,5800,80,1.3793103448275863,ACTUAL_AMOUNT,500000.0,170000.0,245456.4611907442,1.344433951337533,1.344433951337533
Odisha,5800,80,1.3793103448275863,ACTUAL_TO_SANCTION_RATIO,0.9850885714285714,1.0,0.011519500341037242,-1.2944509857174862,1.2944509857174862
Odisha,5800,80,1.3793103448275863,ACTUAL_TO_RECOMMENDED_RATIO,0.9850885714285714,1.0,0.011519500341037242,-1.2944509857174862,1.2944509857174862
Odisha,5800,80,1.3793103448275863,ATTACH_ID,2171690.0,1878120.0,246627.05011464565,1.1903398263229144,1.1903398263229144
Odisha,5800,80,1.3793103448275863,SANCTION_TO_FIRST_PAYMENT_DAYS,234.0,135.0,106.21893971734607,0.9320371702395445,0.9320371702395445
Odisha,5800,80,1.3793103448275863,TOTAL_FUND_DISBURSED_AMT,412327.0,200000.0,256843.30867205412,0.8266791184780523,0.8266791184780523
Odisha,5800,80,1.3793103448275863,PEER_MEDIAN_DISBURSED,412327.0,200000.0,256843.30867205412,0.8266791184780523,0.8266791184780523
Odisha,5800,80,1.3793103448275863,PEER_MEDIAN_SANCTION,500000.0,300000.0,268878.88297994464,0.7438293323128606,0.7438293323128606
Odisha,5800,80,1.3793103448275863,SANCTION_AMOUNT,500000.0,300000.0,309163.0286516491,0.646907881813226,0.646907881813226
Odisha,5800,80,1.3793103448275863,RECOMMENDED_AMOUNT,500000.0,300000.0,309247.3361842255,0.6467315206907895,0.6467315206907895
Odisha,5800,80,1.3793103448275863,MP_MEDIAN_SANCTION_AMOUNT,400000.0,300000.0,163673.88826502985,0.6109710049661339,0.6109710049661339
Odisha,5800,80,1.3793103448275863,PEER_MEAN_SANCTION,500000.0,340000.0,270093.14742713835,0.5923882243001459,0.5923882243001459
Odisha,5800,80,1.3793103448275863,RECOMMENDATION_TO_FIRST_PAYMENT_DAYS,304.0,240.0,123.67905275299661,0.5174683875354095,0.5174683875354095
Odisha,5800,80,1.3793103448275863,PAYMENTS_PER_100_DAYS,8.64976892658059,2.5974025974025974,11.830490133533223,0.5115904971699113,0.5115904971699113
Odisha,5800,80,1.3793103448275863,PAYMENTS_PER_30_DAYS,2.594930677974177,0.7792207792207793,3.549147040059967,0.5115904971699113,0.5115904971699113
Odisha,5800,80,1.3793103448275863,AVERAGE_PAYMENT_AMOUNT,89822.125,199846.0,250301.25449868853,-0.43956581528270555,0.43956581528270555
Odisha,5800,80,1.3793103448275863,MP_AVG_SANCTION_AMOUNT,399247.6898859149,334154.6762589928,172436.53298736882,0.37748969141991645,0.37748969141991645
Odisha,5800,80,1.3793103448275863,CONSTITUENCY_AVG_SANCTION,399247.6898859149,334154.6762589928,172436.53298736882,0.37748969141991645,0.37748969141991645
Odisha,5800,80,1.3793103448275863,MP_WORK_COUNT,252.0,320.0,185.26311311450402,-0.3670455432645775,0.3670455432645775
Odisha,5800,80,1.3793103448275863,CONSTITUENCY_WORK_COUNT,252.0,320.0,185.26311311450402,-0.3670455432645775,0.3670455432645775
Odisha,5800,80,1.3793103448275863,RECOMMENDATION_TO_SANCTION_DAYS,68.0,90.0,77.73198724089771,-0.2830237689899812,0.2830237689899812
Odisha,5800,80,1.3793103448275863,MP_TOTAL_SANCTIONED,128378256.0,120088525.0,33959083.045104,0.2441093886130462,0.2441093886130462
Odisha,5800,80,1.3793103448275863,CONSTITUENCY_TOTAL_SANCTIONED,128378256.0,120088525.0,33959083.045104,0.2441093886130462,0.2441093886130462
Odisha,5800,80,1.3793103448275863,MP_TOTAL_RECOMMENDED,128378256.0,120088525.0,33990814.89918026,0.24388150224076913,0.24388150224076913
Odisha,5800,80,1.3793103448275863,RECOMMENDATION_MONTH,5.5,6.0,3.2907223914029924,-0.15194232163316154,0.15194232163316154
Odisha,5800,80,1.3793103448275863,MP_TOTAL_DISBURSED,38757579.0,36922207.0,19322118.286551226,0.0949881360201316,0.0949881360201316
Odisha,5800,80,1.3793103448275863,CONSTITUENCY_TOTAL_DISBURSED,38757579.0,36922207.0,19322118.286551226,0.0949881360201316,0.0949881360201316
Odisha,5800,80,1.3793103448275863,DISBURSED_PER_EXPENDITURE_DAY,6678.125795772855,6603.773584905661,22036.202586023064,0.0033740936341887513,0.0033740936341887513
Odisha,5800,80,1.3793103448275863,EXPENDITURE_DURATION_DAYS,0.0,0.0,17.745469710379858,0.0,0.0
Odisha,5800,80,1.3793103448275863,DISBURSED_TO_SANCTION_RATIO,1.0,1.0,0.08986415627625265,0.0,0.0
Odisha,5800,80,1.3793103448275863,REMAINING_SANCTION_AMOUNT,0.0,0.0,73081.73618889581,0.0,0.0
Odisha,5800,80,1.3793103448275863,PAYMENT_SUCCESS_COUNT,1.0,1.0,1.3286387378596267,0.0,0.0
Odisha,5800,80,1.3793103448275863,PAYMENT_IN_PROGRESS_COUNT,0.0,0.0,0.14885010555356343,0.0,0.0
Odisha,5800,80,1.3793103448275863,FLAG,1.0,1.0,0.013222147133698629,0.0,0.0
Odisha,5800,80,1.3793103448275863,DISBURSED_TO_RECOMMENDED_RATIO,1.0,1.0,0.08986415627625265,0.0,0.0
Odisha,5800,80,1.3793103448275863,REMAINING_SANCTION_RATIO,0.0,0.0,0.08986415627625265,0.0,0.0
Odisha,5800,80,1.3793103448275863,PAYMENT_SUCCESS_RATIO,1.0,1.0,0.1451086719291825,0.0,0.0
Odisha,5800,80,1.3793103448275863,PAYMENT_IN_PROGRESS_RATIO,0.0,0.0,0.1451086719291825,0.0,0.0
Odisha,5800,80,1.3793103448275863,PAYMENTS_PER_VENDOR,1.0,1.0,0.13189063077220972,0.0,0.0
Odisha,5800,80,1.3793103448275863,LAST_PAYMENT_TO_COMPLETION_DAYS,0.0,0.0,67.51122620838996,0.0,0.0
Odisha,5800,80,1.3793103448275863,IS_COMPLETED,0.0,0.0,0.4245592578075506,0.0,0.0
Odisha,5800,80,1.3793103448275863,HAS_ACTUAL_AMOUNT,0.0,0.0,0.4245592578075506,0.0,0.0
Odisha,5800,80,1.3793103448275863,HAS_ACTUAL_END_DATE,0.0,0.0,0.09933508002348454,0.0,0.0
Odisha,5800,80,1.3793103448275863,STATE_AVG_WORK_COST,375922.6356268322,375922.6356268322,1.164254993259119e-10,0.0,0.0
Odisha,5800,80,1.3793103448275863,PEER_COUNT,1.0,1.0,189.061742278408,0.0,0.0
Odisha,5800,80,1.3793103448275863,SANCTION_TO_PEER_MEDIAN,1.0,1.0,0.7179705834162083,0.0,0.0
Odisha,5800,80,1.3793103448275863,CATEGORY_WORK_COUNT,102324.0,102324.0,19847.4257892682,0.0,0.0
Odisha,5800,80,1.3793103448275863,ACTIVITY_WORK_COUNT,1.0,1.0,1462.096338453734,0.0,0.0
Odisha,5800,80,1.3793103448275863,PAYMENT_COUNT_GE_5,0.0,0.0,0.14449016923204147,0.0,0.0
Odisha,5800,80,1.3793103448275863,VENDOR_COUNT_GE_5,0.0,0.0,0.14274082560416954,0.0,0.0
Odisha,5800,80,1.3793103448275863,COMPLETION_BEFORE_LAST_PAYMENT,0.0,0.0,0.034964157618389065,0.0,0.0
Odisha,5800,80,1.3793103448275863,RECOMMENDATION_YEAR,2025.0,2025.0,0.5803016723006043,0.0,0.0
Odisha,5800,80,1.3793103448275863,SANCTION_YEAR,2025.0,2025.0,0.5265290678110288,0.0,0.0
Odisha,5800,80,1.3793103448275863,FIRST_PAYMENT_YEAR,2026.0,2026.0,0.5023917923991991,0.0,0.0
Odisha,5800,80,1.3793103448275863,SANCTION_ABOVE_2X_PEER_MEDIAN,0.0,0.0,0.12648000357048086,0.0,0.0
Odisha,5800,80,1.3793103448275863,SANCTION_ABOVE_5X_PEER_MEDIAN,0.0,0.0,0.06979967471612489,0.0,0.0
Odisha,5800,80,1.3793103448275863,AVERAGE_PAYMENT_ABOVE_1M,0.0,0.0,0.0295552785540173,0.0,0.0
Odisha,5800,80,1.3793103448275863,HOUSE_OF_PARLIAMENT,2.0,2.0,0.0,,
Odisha,5800,80,1.3793103448275863,AVERAGE_RATING,0.0,0.0,0.0,,
Odisha,5800,80,1.3793103448275863,ACTUAL_VS_DISBURSED_RATIO,1.0,1.0,0.0,,
Odisha,5800,80,1.3793103448275863,RECOMMENDED_TO_SANCTION_DIFFERENCE,0.0,0.0,0.0,,
Odisha,5800,80,1.3793103448275863,SANCTION_TO_RECOMMENDED_RATIO,1.0,1.0,0.0,,
Odisha,5800,80,1.3793103448275863,ACTUAL_MINUS_DISBURSED,0.0,0.0,0.0,,
Odisha,5800,80,1.3793103448275863,STATE_WORK_COUNT,5800.0,5800.0,0.0,,
Odisha,5800,80,1.3793103448275863,STATE_TOTAL_RECOMMENDED,2180975364.0,2180975364.0,0.0,,
Odisha,5800,80,1.3793103448275863,STATE_TOTAL_SANCTIONED,2179975364.0,2179975364.0,0.0,,
Odisha,5800,80,1.3793103448275863,STATE_TOTAL_DISBURSED,577937229.0,577937229.0,0.0,,
Odisha,5800,80,1.3793103448275863,DISBURSED_TO_PEER_MEDIAN,1.0,1.0,0.0,,
Odisha,5800,80,1.3793103448275863,PAYMENT_COUNT_GE_10,0.0,0.0,0.0,,
Odisha,5800,80,1.3793103448275863,VENDOR_COUNT_GE_10,0.0,0.0,0.0,,
Odisha,5800,80,1.3793103448275863,NEGATIVE_RECOMMENDATION_TO_SANCTION,0.0,0.0,0.0,,
Odisha,5800,80,1.3793103448275863,NEGATIVE_SANCTION_TO_PAYMENT,0.0,0.0,0.0,,
Odisha,5800,80,1.3793103448275863,ACTUAL_ABOVE_SANCTION,0.0,0.0,0.0,,
Odisha,5800,80,1.3793103448275863,DISBURSED_ABOVE_SANCTION,0.0,0.0,0.0,,
Odisha,5800,80,1.3793103448275863,DISBURSED_MINUS_ACTUAL,0.0,0.0,0.0,,
Odisha,5800,80,1.3793103448275863,DISBURSED_ABOVE_2X_PEER_MEDIAN,0.0,0.0,0.0,,
Odisha,5800,80,1.3793103448275863,TOTAL_DISBURSED_ABOVE_5M,0.0,0.0,0.0,,
Punjab,4415,449,10.169875424688561,PAYMENT_COUNT_GE_5,1.0,0.0,0.2259645706577108,4.425472529119582,4.425472529119582
Punjab,4415,449,10.169875424688561,PAYMENT_COUNT,8.0,1.0,1.7377708354338395,4.028149084601497,4.028149084601497
Punjab,4415,449,10.169875424688561,PAYMENT_SUCCESS_COUNT,8.0,1.0,1.7545995841994013,3.9895142248047435,3.9895142248047435
Punjab,4415,449,10.169875424688561,MULTIPLE_VENDORS,1.0,0.0,0.3331047680648057,3.0020584989208245,3.0020584989208245
Punjab,4415,449,10.169875424688561,UNIQUE_VENDOR_NAME_COUNT,4.0,1.0,1.0121005730723354,2.9641323005017095,2.9641323005017095
Punjab,4415,449,10.169875424688561,UNIQUE_VENDOR_COUNT,4.0,1.0,1.013406006567196,2.96031401092853,2.96031401092853
Punjab,4415,449,10.169875424688561,MULTIPLE_PAYMENTS,1.0,0.0,0.3910414895056478,2.557273401510908,2.557273401510908
Punjab,4415,449,10.169875424688561,PAYMENTS_PER_VENDOR,1.75,1.0,0.6810354699365031,1.1012642264725607,1.1012642264725607
Punjab,4415,449,10.169875424688561,SANCTION_TO_COMPLETION_DAYS,282.0,180.5,96.5865763647877,1.0508706677484385,1.0508706677484385
Punjab,4415,449,10.169875424688561,COMPLETION_DURATION_DAYS,353.0,238.0,119.75430155921534,0.9602995341518946,0.9602995341518946
Punjab,4415,449,10.169875424688561,RECOMMENDATION_TO_COMPLETION_DAYS,353.0,238.0,119.75430155921534,0.9602995341518946,0.9602995341518946
Punjab,4415,449,10.169875424688561,EXPENDITURE_DURATION_DAYS,38.0,0.0,43.35119292717156,0.8765618068189872,0.8765618068189872
Punjab,4415,449,10.169875424688561,AVERAGE_PAYMENT_AMOUNT,39875.0,190689.0,175356.44128448484,-0.8600425447465082,0.8600425447465082
Punjab,4415,449,10.169875424688561,ACTUAL_AMOUNT,373359.0,232979.0,201434.68951582897,0.6969008185105514,0.6969008185105514
Punjab,4415,449,10.169875424688561,PEER_MEDIAN_SANCTION,400000.0,240935.0,235610.40756727787,0.6751187336857326,0.6751187336857326
Punjab,4415,449,10.169875424688561,PEER_MEAN_SANCTION,400000.0,240959.0,236204.86608677526,0.6733180507025315,0.6733180507025315
Punjab,4415,449,10.169875424688561,SANCTION_AMOUNT,400000.0,240521.0,246535.42790934906,0.6468806587045183,0.6468806587045183
Punjab,4415,449,10.169875424688561,RECOMMENDED_AMOUNT,400000.0,240570.0,247198.40963907566,0.6449475149649112,0.6449475149649112
Punjab,4415,449,10.169875424688561,PAYMENTS_PER_100_DAYS,16.666666666666664,5.228981544771019,18.904590554912684,0.6050215733936309,0.6050215733936309
Punjab,4415,449,10.169875424688561,PAYMENTS_PER_30_DAYS,5.0,1.5686944634313056,5.671377166473806,0.6050215733936309,0.6050215733936309
Punjab,4415,449,10.169875424688561,LAST_PAYMENT_TO_COMPLETION_DAYS,0.0,25.0,56.88513291514922,-0.4394821409187951,0.4394821409187951
Punjab,4415,449,10.169875424688561,MP_TOTAL_DISBURSED,76845619.0,67674872.0,22951998.861857016,0.3995620187678071,0.3995620187678071
Punjab,4415,449,10.169875424688561,CONSTITUENCY_TOTAL_DISBURSED,76845619.0,67674872.0,22951998.861857016,0.3995620187678071,0.3995620187678071
Punjab,4415,449,10.169875424688561,MP_AVG_SANCTION_AMOUNT,342890.3080939948,319795.97428571427,61158.380730291516,0.37761519406680416,0.37761519406680416
Punjab,4415,449,10.169875424688561,CONSTITUENCY_AVG_SANCTION,342890.3080939948,319795.97428571427,61158.380730291516,0.37761519406680416,0.37761519406680416
Punjab,4415,449,10.169875424688561,RECOMMENDATION_MONTH,6.0,7.0,2.8361553129428088,-0.35258999936868585,0.35258999936868585
Punjab,4415,449,10.169875424688561,TOTAL_FUND_DISBURSED_AMT,300000.0,232697.0,209426.71037332478,0.3213677943946378,0.3213677943946378
Punjab,4415,449,10.169875424688561,PEER_MEDIAN_DISBURSED,300000.0,232697.0,209426.71037332478,0.3213677943946378,0.3213677943946378
Punjab,4415,449,10.169875424688561,RECOMMENDATION_TO_FIRST_PAYMENT_DAYS,185.0,154.0,113.60199932027481,0.27288252130671226,0.27288252130671226
Punjab,4415,449,10.169875424688561,SANCTION_TO_FIRST_PAYMENT_DAYS,139.0,111.0,106.72703817242972,0.2623515135383295,0.2623515135383295
Punjab,4415,449,10.169875424688561,MP_TOTAL_RECOMMENDED,116489409.0,120849719.0,19171457.103049397,-0.22743758998404207,0.22743758998404207
Punjab,4415,449,10.169875424688561,MP_TOTAL_SANCTIONED,116489409.0,120349719.0,19239759.042413734,-0.2006423256907745,0.2006423256907745
Punjab,4415,449,10.169875424688561,CONSTITUENCY_TOTAL_SANCTIONED,116489409.0,120349719.0,19239759.042413734,-0.2006423256907745,0.2006423256907745
Punjab,4415,449,10.169875424688561,ATTACH_ID,2060331.5,2026280.0,296397.60717796965,0.11488453069580296,0.11488453069580296
Punjab,4415,449,10.169875424688561,DISBURSED_PER_EXPENDITURE_DAY,6482.0,4559.4607843137255,25372.143010451902,0.07577362365072182,0.07577362365072182
Punjab,4415,449,10.169875424688561,MP_WORK_COUNT,366.0,373.0,109.51910083164789,-0.06391579137195764,0.06391579137195764
Punjab,4415,449,10.169875424688561,CONSTITUENCY_WORK_COUNT,366.0,373.0,109.51910083164789,-0.06391579137195764,0.06391579137195764
Punjab,4415,449,10.169875424688561,RECOMMENDATION_TO_SANCTION_DAYS,36.0,38.0,37.161407245233484,-0.0538192751098394,0.0538192751098394
Punjab,4415,449,10.169875424688561,DISBURSED_TO_SANCTION_RATIO,1.0,1.0,0.1262452991899017,0.0,0.0
Punjab,4415,449,10.169875424688561,REMAINING_SANCTION_AMOUNT,0.0,0.0,73342.78873713141,0.0,0.0
Punjab,4415,449,10.169875424688561,PAYMENT_IN_PROGRESS_COUNT,0.0,0.0,0.15119315728401783,0.0,0.0
Punjab,4415,449,10.169875424688561,FLAG,1.0,1.0,0.12983070727129148,0.0,0.0
Punjab,4415,449,10.169875424688561,ACTUAL_TO_SANCTION_RATIO,1.0,1.0,0.016739040839945568,0.0,0.0
Punjab,4415,449,10.169875424688561,ACTUAL_TO_RECOMMENDED_RATIO,1.0,1.0,0.016883755055062788,0.0,0.0
Punjab,4415,449,10.169875424688561,DISBURSED_TO_RECOMMENDED_RATIO,1.0,1.0,0.12699211893897341,0.0,0.0
Punjab,4415,449,10.169875424688561,REMAINING_SANCTION_RATIO,0.0,0.0,0.1262452991899017,0.0,0.0
Punjab,4415,449,10.169875424688561,PAYMENT_SUCCESS_RATIO,1.0,1.0,0.1465772136926203,0.0,0.0
Punjab,4415,449,10.169875424688561,PAYMENT_IN_PROGRESS_RATIO,0.0,0.0,0.1465772136926203,0.0,0.0
Punjab,4415,449,10.169875424688561,IS_COMPLETED,0.0,0.0,0.47757346818960084,0.0,0.0
Punjab,4415,449,10.169875424688561,HAS_ACTUAL_AMOUNT,0.0,0.0,0.47757346818960084,0.0,0.0
Punjab,4415,449,10.169875424688561,HAS_ACTUAL_END_DATE,0.0,0.0,0.08947345671540996,0.0,0.0
Punjab,4415,449,10.169875424688561,ACTUAL_MINUS_SANCTION,0.0,0.0,4805.866462237631,0.0,0.0
Punjab,4415,449,10.169875424688561,STATE_AVG_WORK_COST,310556.8095238095,310556.8095238095,5.82150006349408e-11,0.0,0.0
Punjab,4415,449,10.169875424688561,MP_MEDIAN_SANCTION_AMOUNT,250000.0,250000.0,53825.16556110884,0.0,0.0
Punjab,4415,449,10.169875424688561,PEER_COUNT,1.0,1.0,21.117130587300288,0.0,0.0
Punjab,4415,449,10.169875424688561,SANCTION_TO_PEER_MEDIAN,1.0,1.0,0.41843649588821774,0.0,0.0
Punjab,4415,449,10.169875424688561,CATEGORY_WORK_COUNT,102324.0,102324.0,22315.743129536648,0.0,0.0
Punjab,4415,449,10.169875424688561,ACTIVITY_WORK_COUNT,1.0,1.0,888.8293289596842,0.0,0.0
Punjab,4415,449,10.169875424688561,NO_PAYMENT_RECORD,0.0,0.0,0.49330124845987816,0.0,0.0
Punjab,4415,449,10.169875424688561,PAYMENT_COUNT_GE_10,0.0,0.0,0.04758897262082772,0.0,0.0
Punjab,4415,449,10.169875424688561,VENDOR_COUNT_GE_5,0.0,0.0,0.12406600516441578,0.0,0.0
Punjab,4415,449,10.169875424688561,MISSING_FIELD_COUNT,2.0,2.0,2.124837615228222,0.0,0.0
Punjab,4415,449,10.169875424688561,DATA_COMPLETENESS_RATIO,0.8181818181818181,0.8181818181818181,0.19316705592983835,0.0,0.0
Punjab,4415,449,10.169875424688561,COMPLETION_BEFORE_LAST_PAYMENT,0.0,0.0,0.015879018148092578,0.0,0.0
Punjab,4415,449,10.169875424688561,RECOMMENDATION_YEAR,2025.0,2025.0,0.6222142337747689,0.0,0.0
Punjab,4415,449,10.169875424688561,SANCTION_YEAR,2025.0,2025.0,0.5724594416555184,0.0,0.0
Punjab,4415,449,10.169875424688561,FIRST_PAYMENT_YEAR,2026.0,2026.0,0.5755451510024661,0.0,0.0
Punjab,4415,449,10.169875424688561,COMPLETION_YEAR,2026.0,2026.0,0.5070073486774164,0.0,0.0
Punjab,4415,449,10.169875424688561,SANCTION_ABOVE_2X_PEER_MEDIAN,0.0,0.0,0.09614881269658909,0.0,0.0
Punjab,4415,449,10.169875424688561,SANCTION_ABOVE_5X_PEER_MEDIAN,0.0,0.0,0.0317460196332225,0.0,0.0
Punjab,4415,449,10.169875424688561,AVERAGE_PAYMENT_ABOVE_1M,0.0,0.0,0.0501568427255748,0.0,0.0
Punjab,4415,449,10.169875424688561,HOUSE_OF_PARLIAMENT,2.0,2.0,0.0,,
Punjab,4415,449,10.169875424688561,AVERAGE_RATING,0.0,0.0,0.0,,
Punjab,4415,449,10.169875424688561,ACTUAL_VS_DISBURSED_RATIO,1.0,1.0,0.0,,
Punjab,4415,449,10.169875424688561,RECOMMENDED_TO_SANCTION_DIFFERENCE,0.0,0.0,0.0,,
Punjab,4415,449,10.169875424688561,SANCTION_TO_RECOMMENDED_RATIO,1.0,1.0,0.0,,
Punjab,4415,449,10.169875424688561,ACTUAL_MINUS_DISBURSED,0.0,0.0,0.0,,
Punjab,4415,449,10.169875424688561,STATE_WORK_COUNT,4415.0,4415.0,0.0,,
Punjab,4415,449,10.169875424688561,STATE_TOTAL_RECOMMENDED,1356250451.0,1356250451.0,0.0,,
Punjab,4415,449,10.169875424688561,STATE_TOTAL_SANCTIONED,1349990451.0,1349990451.0,0.0,,
Punjab,4415,449,10.169875424688561,STATE_TOTAL_DISBURSED,784918080.0,784918080.0,0.0,,
Punjab,4415,449,10.169875424688561,DISBURSED_TO_PEER_MEDIAN,1.0,1.0,0.0,,
Punjab,4415,449,10.169875424688561,VENDOR_COUNT_GE_10,0.0,0.0,0.0,,
Punjab,4415,449,10.169875424688561,NEGATIVE_RECOMMENDATION_TO_SANCTION,0.0,0.0,0.0,,
Punjab,4415,449,10.169875424688561,NEGATIVE_SANCTION_TO_PAYMENT,0.0,0.0,0.0,,
Punjab,4415,449,10.169875424688561,ACTUAL_ABOVE_SANCTION,0.0,0.0,0.0,,
Punjab,4415,449,10.169875424688561,DISBURSED_ABOVE_SANCTION,0.0,0.0,0.0,,
Punjab,4415,449,10.169875424688561,DISBURSED_MINUS_ACTUAL,0.0,0.0,0.0,,
Punjab,4415,449,10.169875424688561,DISBURSED_ABOVE_2X_PEER_MEDIAN,0.0,0.0,0.0,,
Punjab,4415,449,10.169875424688561,TOTAL_DISBURSED_ABOVE_5M,0.0,0.0,0.0,,
Rajasthan,3459,392,11.332755131540907,PAYMENT_COUNT_GE_10,1.0,0.0,0.04419410332714908,22.627453092496292,22.627453092496292
Rajasthan,3459,392,11.332755131540907,VENDOR_COUNT_GE_10,1.0,0.0,0.04419410332714908,22.627453092496292,22.627453092496292
Rajasthan,3459,392,11.332755131540907,VENDOR_COUNT_GE_5,1.0,0.0,0.07847680592417446,12.742618512866285,12.742618512866285
Rajasthan,3459,392,11.332755131540907,PAYMENT_COUNT_GE_5,1.0,0.0,0.08628658454926516,11.589287085862715,11.589287085862715
Rajasthan,3459,392,11.332755131540907,UNIQUE_VENDOR_NAME_COUNT,11.0,1.0,0.9707970052218299,10.30081463602679,10.30081463602679
Rajasthan,3459,392,11.332755131540907,UNIQUE_VENDOR_COUNT,11.0,1.0,0.9786027152137001,10.218651394009543,10.218651394009543
Rajasthan,3459,392,11.332755131540907,PAYMENT_COUNT,11.0,1.0,1.1204991731144838,8.924593823844152,8.924593823844152
Rajasthan,3459,392,11.332755131540907,PAYMENT_SUCCESS_COUNT,11.0,1.0,1.143958369863201,8.741576847062921,8.741576847062921
Rajasthan,3459,392,11.332755131540907,MULTIPLE_VENDORS,1.0,0.0,0.18186294241021433,5.498646325343051,5.498646325343051
Rajasthan,3459,392,11.332755131540907,PAYMENTS_PER_100_DAYS,25.0,1.8072289156626504,4.511200372902969,5.141152945377317,5.141152945377317
Rajasthan,3459,392,11.332755131540907,PAYMENTS_PER_30_DAYS,7.5,0.5421686746987951,1.353360111870891,5.141152945377317,5.141152945377317
Rajasthan,3459,392,11.332755131540907,MULTIPLE_PAYMENTS,1.0,0.0,0.3160171446480557,3.164385277620578,3.164385277620578
Rajasthan,3459,392,11.332755131540907,IS_COMPLETED,1.0,0.0,0.428518430402487,2.3336219146064443,2.3336219146064443
Rajasthan,3459,392,11.332755131540907,HAS_ACTUAL_AMOUNT,1.0,0.0,0.428518430402487,2.3336219146064443,2.3336219146064443
Rajasthan,3459,392,11.332755131540907,NO_PAYMENT_RECORD,0.0,1.0,0.48854421745063614,-2.0468976282603175,2.0468976282603175
Rajasthan,3459,392,11.332755131540907,DATA_COMPLETENESS_RATIO,0.9090909090909092,0.5454545454545454,0.19980253617747573,1.8199787179546194,1.8199787179546194
Rajasthan,3459,392,11.332755131540907,MISSING_FIELD_COUNT,1.0,5.0,2.1978278979522328,-1.8199787179546192,1.8199787179546192
Rajasthan,3459,392,11.332755131540907,FIRST_PAYMENT_YEAR,2025.0,2026.0,0.6119963023882764,-1.6339968004668721,1.6339968004668721
Rajasthan,3459,392,11.332755131540907,RECOMMENDATION_YEAR,2025.0,2026.0,0.6920517661593211,-1.4449786112817815,1.4449786112817815
Rajasthan,3459,392,11.332755131540907,COMPLETION_DURATION_DAYS,311.5,197.0,130.73596910193183,0.8758110012610759,0.8758110012610759
Rajasthan,3459,392,11.332755131540907,RECOMMENDATION_TO_COMPLETION_DAYS,311.5,197.0,130.73596910193183,0.8758110012610759,0.8758110012610759
Rajasthan,3459,392,11.332755131540907,AVERAGE_PAYMENT_AMOUNT,45432.63636363636,350464.0,359195.3070339173,-0.8492075415884006,0.8492075415884006
Rajasthan,3459,392,11.332755131540907,DISBURSED_PER_EXPENDITURE_DAY,14454.734125544266,6135.632911392405,14905.183835227463,0.5581347607729729,0.5581347607729729
Rajasthan,3459,392,11.332755131540907,MP_TOTAL_SANCTIONED,105116569.0,92846209.0,22252726.934348952,0.551409273847677,0.551409273847677
Rajasthan,3459,392,11.332755131540907,CONSTITUENCY_TOTAL_SANCTIONED,105116569.0,92846209.0,22252726.934348952,0.551409273847677,0.551409273847677
Rajasthan,3459,392,11.332755131540907,MP_TOTAL_RECOMMENDED,105116569.0,93811888.0,22816323.135833997,0.4954646255971683,0.4954646255971683
Rajasthan,3459,392,11.332755131540907,ATTACH_ID,2165802.0,2004717.0,356639.9810639554,0.45167398091329813,0.45167398091329813
Rajasthan,3459,392,11.332755131540907,SANCTION_TO_COMPLETION_DAYS,175.0,131.0,102.68320204526884,0.4285024144514133,0.4285024144514133
Rajasthan,3459,392,11.332755131540907,MP_TOTAL_DISBURSED,59104534.0,49431661.0,23120069.335522167,0.4183756051777229,0.4183756051777229
Rajasthan,3459,392,11.332755131540907,CONSTITUENCY_TOTAL_DISBURSED,59104534.0,49431661.0,23120069.335522167,0.4183756051777229,0.4183756051777229
Rajasthan,3459,392,11.332755131540907,RECOMMENDATION_MONTH,6.0,7.0,3.0338198255265567,-0.329617464948314,0.329617464948314
Rajasthan,3459,392,11.332755131540907,EXPENDITURE_DURATION_DAYS,23.0,0.0,79.53830108160729,0.2891688618845619,0.2891688618845619
Rajasthan,3459,392,11.332755131540907,LAST_PAYMENT_TO_COMPLETION_DAYS,0.0,23.0,105.35300126662993,-0.218313666658542,0.218313666658542
Rajasthan,3459,392,11.332755131540907,SANCTION_TO_FIRST_PAYMENT_DAYS,121.0,99.0,111.51253035669697,0.19728724592320018,0.19728724592320018
Rajasthan,3459,392,11.332755131540907,RECOMMENDATION_TO_FIRST_PAYMENT_DAYS,197.0,175.0,117.12988100704379,0.1878256838549763,0.1878256838549763
Rajasthan,3459,392,11.332755131540907,RECOMMENDATION_TO_SANCTION_DAYS,62.0,73.0,63.08790943407876,-0.17435987495344127,0.17435987495344127
Rajasthan,3459,392,11.332755131540907,MP_WORK_COUNT,178.0,184.0,63.65678714764213,-0.09425546385311472,0.09425546385311472
Rajasthan,3459,392,11.332755131540907,CONSTITUENCY_WORK_COUNT,178.0,184.0,63.65678714764213,-0.09425546385311472,0.09425546385311472
Rajasthan,3459,392,11.332755131540907,ACTUAL_AMOUNT,498957.0,483780.0,396281.89787848486,0.0382984942821028,0.0382984942821028
Rajasthan,3459,392,11.332755131540907,MP_AVG_SANCTION_AMOUNT,521607.9157303371,512698.77407407406,273605.016422235,0.03256205523115919,0.03256205523115919
Rajasthan,3459,392,11.332755131540907,CONSTITUENCY_AVG_SANCTION,521607.9157303371,512698.77407407406,273605.016422235,0.03256205523115919,0.03256205523115919
Rajasthan,3459,392,11.332755131540907,TOTAL_FUND_DISBURSED_AMT,499267.0,491219.5,416825.9901493808,0.019306617605864648,0.019306617605864648
Rajasthan,3459,392,11.332755131540907,PEER_MEDIAN_DISBURSED,499267.0,491219.5,416825.9901493808,0.019306617605864648,0.019306617605864648
Rajasthan,3459,392,11.332755131540907,DISBURSED_TO_SANCTION_RATIO,0.9982798417454406,1.0,0.13866225776026228,-0.012405381841780182,0.012405381841780182
Rajasthan,3459,392,11.332755131540907,REMAINING_SANCTION_RATIO,0.0017201582545594,0.0,0.13866225776026228,0.012405381841780177,0.012405381841780177
Rajasthan,3459,392,11.332755131540907,DISBURSED_TO_RECOMMENDED_RATIO,0.998445,1.0,0.13832577360536227,-0.011241578192335464,0.011241578192335464
Rajasthan,3459,392,11.332755131540907,REMAINING_SANCTION_AMOUNT,936.0,0.0,163092.8083457647,0.005739063601232707,0.005739063601232707
Rajasthan,3459,392,11.332755131540907,MP_MEDIAN_SANCTION_AMOUNT,499954.0,499573.0,256754.7443899365,0.0014839063671648097,0.0014839063671648097
Rajasthan,3459,392,11.332755131540907,RECOMMENDED_AMOUNT,500000.0,500000.0,529322.2978555177,0.0,0.0
Rajasthan,3459,392,11.332755131540907,SANCTION_AMOUNT,500000.0,500000.0,522449.29584130197,0.0,0.0
Rajasthan,3459,392,11.332755131540907,PAYMENT_IN_PROGRESS_COUNT,0.0,0.0,0.21229035575034702,0.0,0.0
Rajasthan,3459,392,11.332755131540907,FLAG,1.0,1.0,0.11893302048201947,0.0,0.0
Rajasthan,3459,392,11.332755131540907,ACTUAL_TO_SANCTION_RATIO,1.0,1.0,0.055676960107209995,0.0,0.0
Rajasthan,3459,392,11.332755131540907,ACTUAL_TO_RECOMMENDED_RATIO,1.0,1.0,0.05573313936245487,0.0,0.0
Rajasthan,3459,392,11.332755131540907,PAYMENT_SUCCESS_RATIO,1.0,1.0,0.18361861436694749,0.0,0.0
Rajasthan,3459,392,11.332755131540907,PAYMENT_IN_PROGRESS_RATIO,0.0,0.0,0.18361861436694749,0.0,0.0
Rajasthan,3459,392,11.332755131540907,PAYMENTS_PER_VENDOR,1.0,1.0,0.5356946161594367,0.0,0.0
Rajasthan,3459,392,11.332755131540907,HAS_ACTUAL_END_DATE,0.0,0.0,0.12413927707666204,0.0,0.0
Rajasthan,3459,392,11.332755131540907,ACTUAL_MINUS_SANCTION,0.0,0.0,24848.546600587288,0.0,0.0
Rajasthan,3459,392,11.332755131540907,STATE_TOTAL_RECOMMENDED,2121543696.1,2121543696.1,2.3845745697855987e-07,0.0,0.0
Rajasthan,3459,392,11.332755131540907,STATE_TOTAL_SANCTIONED,2095672696.1,2095672696.1,2.3845745697855987e-07,0.0,0.0
Rajasthan,3459,392,11.332755131540907,STATE_TOTAL_DISBURSED,904526762.1,904526762.1,2.3845745697855987e-07,0.0,0.0
Rajasthan,3459,392,11.332755131540907,PEER_COUNT,1.0,1.0,64.75211884493903,0.0,0.0
Rajasthan,3459,392,11.332755131540907,PEER_MEDIAN_SANCTION,500000.0,500000.0,450773.8715677828,0.0,0.0
Rajasthan,3459,392,11.332755131540907,PEER_MEAN_SANCTION,500000.0,500000.0,451823.73917235475,0.0,0.0
Rajasthan,3459,392,11.332755131540907,SANCTION_TO_PEER_MEDIAN,1.0,1.0,0.8648047185591288,0.0,0.0
Rajasthan,3459,392,11.332755131540907,CATEGORY_WORK_COUNT,102324.0,102324.0,16497.71319458564,0.0,0.0
Rajasthan,3459,392,11.332755131540907,ACTIVITY_WORK_COUNT,1.0,1.0,1289.9963673503094,0.0,0.0
Rajasthan,3459,392,11.332755131540907,COMPLETION_BEFORE_LAST_PAYMENT,0.0,0.0,0.040350101553776004,0.0,0.0
Rajasthan,3459,392,11.332755131540907,SANCTION_YEAR,2025.0,2025.0,0.6846128560879039,0.0,0.0
Rajasthan,3459,392,11.332755131540907,COMPLETION_YEAR,2026.0,2026.0,0.4375949744936837,0.0,0.0
Rajasthan,3459,392,11.332755131540907,SANCTION_ABOVE_2X_PEER_MEDIAN,0.0,0.0,0.1793368228484648,0.0,0.0
Rajasthan,3459,392,11.332755131540907,SANCTION_ABOVE_5X_PEER_MEDIAN,0.0,0.0,0.05701705163857377,0.0,0.0
Rajasthan,3459,392,11.332755131540907,AVERAGE_PAYMENT_ABOVE_1M,0.0,0.0,0.12025704379289417,0.0,0.0
Rajasthan,3459,392,11.332755131540907,HOUSE_OF_PARLIAMENT,2.0,2.0,0.0,,
Rajasthan,3459,392,11.332755131540907,AVERAGE_RATING,0.0,0.0,0.0,,
Rajasthan,3459,392,11.332755131540907,ACTUAL_VS_DISBURSED_RATIO,1.0,1.0,0.0,,
Rajasthan,3459,392,11.332755131540907,RECOMMENDED_TO_SANCTION_DIFFERENCE,0.0,0.0,0.0,,
Rajasthan,3459,392,11.332755131540907,SANCTION_TO_RECOMMENDED_RATIO,1.0,1.0,0.0,,
Rajasthan,3459,392,11.332755131540907,ACTUAL_MINUS_DISBURSED,0.0,0.0,0.0,,
Rajasthan,3459,392,11.332755131540907,STATE_WORK_COUNT,3459.0,3459.0,0.0,,
Rajasthan,3459,392,11.332755131540907,STATE_AVG_WORK_COST,613666.9681112737,613666.9681112737,0.0,,
Rajasthan,3459,392,11.332755131540907,DISBURSED_TO_PEER_MEDIAN,1.0,1.0,0.0,,
Rajasthan,3459,392,11.332755131540907,NEGATIVE_RECOMMENDATION_TO_SANCTION,0.0,0.0,0.0,,
Rajasthan,3459,392,11.332755131540907,NEGATIVE_SANCTION_TO_PAYMENT,0.0,0.0,0.0,,
Rajasthan,3459,392,11.332755131540907,ACTUAL_ABOVE_SANCTION,0.0,0.0,0.0,,
Rajasthan,3459,392,11.332755131540907,DISBURSED_ABOVE_SANCTION,0.0,0.0,0.0,,
Rajasthan,3459,392,11.332755131540907,DISBURSED_MINUS_ACTUAL,0.0,0.0,0.0,,
Rajasthan,3459,392,11.332755131540907,DISBURSED_ABOVE_2X_PEER_MEDIAN,0.0,0.0,0.0,,
Rajasthan,3459,392,11.332755131540907,TOTAL_DISBURSED_ABOVE_5M,0.0,0.0,0.0,,
Tamil Nadu,5868,106,1.8064076346284936,PEER_MEDIAN_SANCTION,3650000.0,500000.0,655280.9645325955,4.807098283782529,4.807098283782529
Tamil Nadu,5868,106,1.8064076346284936,PEER_MEAN_SANCTION,3650000.0,573601.1643835617,690871.273604386,4.45292625870283,4.45292625870283
Tamil Nadu,5868,106,1.8064076346284936,SANCTION_AMOUNT,3650000.0,519180.0,865629.259794834,3.616813970385021,3.616813970385021
Tamil Nadu,5868,106,1.8064076346284936,RECOMMENDED_AMOUNT,3650000.0,521402.5,866022.3834164211,3.6126058170203605,3.6126058170203605
Tamil Nadu,5868,106,1.8064076346284936,AVERAGE_PAYMENT_ABOVE_1M,1.0,0.0,0.2860623201958682,3.4957417646451843,3.4957417646451843
Tamil Nadu,5868,106,1.8064076346284936,TOTAL_FUND_DISBURSED_AMT,2432907.5,500000.0,587485.2890675991,3.290137703818469,3.290137703818469
Tamil Nadu,5868,106,1.8064076346284936,PEER_MEDIAN_DISBURSED,2432907.5,500000.0,587485.2890675991,3.290137703818469,3.290137703818469
Tamil Nadu,5868,106,1.8064076346284936,ACTUAL_AMOUNT,2283318.5,499660.0,546703.2735822474,3.262571464613083,3.262571464613083
Tamil Nadu,5868,106,1.8064076346284936,AVERAGE_PAYMENT_AMOUNT,1666542.3333333335,499998.0,565479.4473312162,2.062929676469847,2.062929676469847
Tamil Nadu,5868,106,1.8064076346284936,IS_COMPLETED,1.0,0.0,0.4999876937346193,2.0000492262731058,2.0000492262731058
Tamil Nadu,5868,106,1.8064076346284936,HAS_ACTUAL_AMOUNT,1.0,0.0,0.4999876937346193,2.0000492262731058,2.0000492262731058
Tamil Nadu,5868,106,1.8064076346284936,FIRST_PAYMENT_YEAR,2026.0,2025.0,0.5182355455544434,1.9296244894397054,1.9296244894397054
Tamil Nadu,5868,106,1.8064076346284936,ACTUAL_MINUS_SANCTION,-8100.0,0.0,7287.255932186118,-1.1115295078664906,1.1115295078664906
Tamil Nadu,5868,106,1.8064076346284936,RECOMMENDATION_TO_SANCTION_DAYS,229.0,109.0,115.28069674970683,1.0409374976327523,1.0409374976327523
Tamil Nadu,5868,106,1.8064076346284936,ATTACH_ID,2105785.0,1785819.0,310922.71226328873,1.0290853237156037,1.0290853237156037
Tamil Nadu,5868,106,1.8064076346284936,REMAINING_SANCTION_AMOUNT,87273.0,0.0,86634.64584927287,1.0073683472064714,1.0073683472064714
Tamil Nadu,5868,106,1.8064076346284936,MP_AVG_SANCTION_AMOUNT,1171967.9405940594,676442.3035714285,501159.49739566114,0.9887583485850168,0.9887583485850168
Tamil Nadu,5868,106,1.8064076346284936,CONSTITUENCY_AVG_SANCTION,1171967.9405940594,676442.3035714285,501159.49739566114,0.9887583485850168,0.9887583485850168
Tamil Nadu,5868,106,1.8064076346284936,RECOMMENDATION_TO_FIRST_PAYMENT_DAYS,311.5,191.0,122.75809067376625,0.9816053617209867,0.9816053617209867
Tamil Nadu,5868,106,1.8064076346284936,COMPLETION_DURATION_DAYS,326.5,241.0,101.36744733742144,0.8434660460117583,0.8434660460117583
Tamil Nadu,5868,106,1.8064076346284936,RECOMMENDATION_TO_COMPLETION_DAYS,326.5,241.0,101.36744733742144,0.8434660460117583,0.8434660460117583
Tamil Nadu,5868,106,1.8064076346284936,MP_MEDIAN_SANCTION_AMOUNT,762500.0,475000.0,421358.3021779603,0.6823171597994874,0.6823171597994874
Tamil Nadu,5868,106,1.8064076346284936,MP_WORK_COUNT,101.0,182.0,119.32242012611937,-0.6788330299903907,0.6788330299903907
Tamil Nadu,5868,106,1.8064076346284936,CONSTITUENCY_WORK_COUNT,101.0,182.0,119.32242012611937,-0.6788330299903907,0.6788330299903907
Tamil Nadu,5868,106,1.8064076346284936,MP_TOTAL_RECOMMENDED,121301891.0,140087576.0,28432308.53966611,-0.6607161347377741,0.6607161347377741
Tamil Nadu,5868,106,1.8064076346284936,MP_TOTAL_SANCTIONED,121301891.0,140087576.0,28514878.56033009,-0.6588029109173431,0.6588029109173431
Tamil Nadu,5868,106,1.8064076346284936,CONSTITUENCY_TOTAL_SANCTIONED,121301891.0,140087576.0,28514878.56033009,-0.6588029109173431,0.6588029109173431
Tamil Nadu,5868,106,1.8064076346284936,REMAINING_SANCTION_RATIO,0.041425296377607,0.0,0.06506124112774335,0.6367123599175004,0.6367123599175004
Tamil Nadu,5868,106,1.8064076346284936,DISBURSED_TO_SANCTION_RATIO,0.958574703622393,1.0,0.06506124112774336,-0.6367123599174994,0.6367123599174994
Tamil Nadu,5868,106,1.8064076346284936,DISBURSED_TO_RECOMMENDED_RATIO,0.958574703622393,1.0,0.06506124112774336,-0.6367123599174994,0.6367123599174994
Tamil Nadu,5868,106,1.8064076346284936,MP_TOTAL_DISBURSED,71614998.0,87182728.0,24717830.725615647,-0.6298178093705775,0.6298178093705775
Tamil Nadu,5868,106,1.8064076346284936,CONSTITUENCY_TOTAL_DISBURSED,71614998.0,87182728.0,24717830.725615647,-0.6298178093705775,0.6298178093705775
Tamil Nadu,5868,106,1.8064076346284936,ACTUAL_TO_SANCTION_RATIO,0.9932997273371105,1.0,0.011745304106379709,-0.5704639575275139,0.5704639575275139
Tamil Nadu,5868,106,1.8064076346284936,ACTUAL_TO_RECOMMENDED_RATIO,0.9932997273371105,1.0,0.011745304106379709,-0.5704639575275139,0.5704639575275139
Tamil Nadu,5868,106,1.8064076346284936,SANCTION_TO_COMPLETION_DAYS,1.0,60.0,119.0563955598257,-0.4955634657220289,0.4955634657220289
Tamil Nadu,5868,106,1.8064076346284936,DATA_COMPLETENESS_RATIO,0.9090909090909092,0.8181818181818181,0.20795454379919748,0.4371584734252,0.4371584734252
Tamil Nadu,5868,106,1.8064076346284936,MISSING_FIELD_COUNT,1.0,2.0,2.287499981791172,-0.43715847342519937,0.43715847342519937
Tamil Nadu,5868,106,1.8064076346284936,DISBURSED_PER_EXPENDITURE_DAY,26591.77659574468,13629.545454545454,40757.54615889506,0.3180326678810693,0.3180326678810693
Tamil Nadu,5868,106,1.8064076346284936,SANCTION_TO_FIRST_PAYMENT_DAYS,7.5,26.0,92.24768307100356,-0.20054704231173423,0.20054704231173423
Tamil Nadu,5868,106,1.8064076346284936,RECOMMENDATION_MONTH,6.5,7.0,2.9277573929464973,-0.1707791776752375,0.1707791776752375
Tamil Nadu,5868,106,1.8064076346284936,PAYMENTS_PER_30_DAYS,0.6122448979591836,0.6185567010309279,2.610072704354811,-0.0024182479902622135,0.0024182479902622135
Tamil Nadu,5868,106,1.8064076346284936,PAYMENTS_PER_100_DAYS,2.0408163265306123,2.061855670103093,8.700242347849368,-0.0024182479902621883,0.0024182479902621883
Tamil Nadu,5868,106,1.8064076346284936,PAYMENT_COUNT,1.0,1.0,0.18355178758863452,0.0,0.0
Tamil Nadu,5868,106,1.8064076346284936,EXPENDITURE_DURATION_DAYS,0.0,0.0,24.998164265268038,0.0,0.0
Tamil Nadu,5868,106,1.8064076346284936,UNIQUE_VENDOR_COUNT,1.0,1.0,0.06746725972963812,0.0,0.0
Tamil Nadu,5868,106,1.8064076346284936,UNIQUE_VENDOR_NAME_COUNT,1.0,1.0,0.06746725972963812,0.0,0.0
Tamil Nadu,5868,106,1.8064076346284936,PAYMENT_SUCCESS_COUNT,1.0,1.0,0.23321871461836496,0.0,0.0
Tamil Nadu,5868,106,1.8064076346284936,PAYMENT_IN_PROGRESS_COUNT,0.0,0.0,0.1409960426696567,0.0,0.0
Tamil Nadu,5868,106,1.8064076346284936,FLAG,1.0,1.0,0.022813851065569966,0.0,0.0
Tamil Nadu,5868,106,1.8064076346284936,PAYMENT_SUCCESS_RATIO,1.0,1.0,0.14025446250673054,0.0,0.0
Tamil Nadu,5868,106,1.8064076346284936,PAYMENT_IN_PROGRESS_RATIO,0.0,0.0,0.14025446250673054,0.0,0.0
Tamil Nadu,5868,106,1.8064076346284936,PAYMENTS_PER_VENDOR,1.0,1.0,0.17149687665995417,0.0,0.0
Tamil Nadu,5868,106,1.8064076346284936,LAST_PAYMENT_TO_COMPLETION_DAYS,0.0,0.0,19.919440282657167,0.0,0.0
Tamil Nadu,5868,106,1.8064076346284936,HAS_ACTUAL_END_DATE,0.0,0.0,0.1184528541082948,0.0,0.0
Tamil Nadu,5868,106,1.8064076346284936,PEER_COUNT,1.0,1.0,97.57731021106139,0.0,0.0
Tamil Nadu,5868,106,1.8064076346284936,SANCTION_TO_PEER_MEDIAN,1.0,1.0,3.480848937000369,0.0,0.0
Tamil Nadu,5868,106,1.8064076346284936,CATEGORY_WORK_COUNT,102324.0,102324.0,3996.7862633079667,0.0,0.0
Tamil Nadu,5868,106,1.8064076346284936,ACTIVITY_WORK_COUNT,1.0,1.0,843.8005490112107,0.0,0.0
Tamil Nadu,5868,106,1.8064076346284936,NO_PAYMENT_RECORD,0.0,0.0,0.4883652545717951,0.0,0.0
Tamil Nadu,5868,106,1.8064076346284936,MULTIPLE_PAYMENTS,0.0,0.0,0.14223056696573871,0.0,0.0
Tamil Nadu,5868,106,1.8064076346284936,MULTIPLE_VENDORS,0.0,0.0,0.05262683323331313,0.0,0.0
Tamil Nadu,5868,106,1.8064076346284936,COMPLETION_BEFORE_LAST_PAYMENT,0.0,0.0,0.04365484612892516,0.0,0.0
Tamil Nadu,5868,106,1.8064076346284936,RECOMMENDATION_YEAR,2025.0,2025.0,0.6041257724801887,0.0,0.0
Tamil Nadu,5868,106,1.8064076346284936,SANCTION_YEAR,2025.0,2025.0,0.5394846998716398,0.0,0.0
Tamil Nadu,5868,106,1.8064076346284936,COMPLETION_YEAR,2026.0,2026.0,0.49080678255487353,0.0,0.0
Tamil Nadu,5868,106,1.8064076346284936,SANCTION_ABOVE_2X_PEER_MEDIAN,0.0,0.0,0.16630404264325738,0.0,0.0
Tamil Nadu,5868,106,1.8064076346284936,SANCTION_ABOVE_5X_PEER_MEDIAN,0.0,0.0,0.08507208854811622,0.0,0.0
Tamil Nadu,5868,106,1.8064076346284936,TOTAL_DISBURSED_ABOVE_5M,0.0,0.0,0.026340878878383725,0.0,0.0
Tamil Nadu,5868,106,1.8064076346284936,HOUSE_OF_PARLIAMENT,2.0,2.0,0.0,,
Tamil Nadu,5868,106,1.8064076346284936,AVERAGE_RATING,0.0,0.0,0.0,,
Tamil Nadu,5868,106,1.8064076346284936,ACTUAL_VS_DISBURSED_RATIO,1.0,1.0,0.0,,
Tamil Nadu,5868,106,1.8064076346284936,RECOMMENDED_TO_SANCTION_DIFFERENCE,0.0,0.0,0.0,,
Tamil Nadu,5868,106,1.8064076346284936,SANCTION_TO_RECOMMENDED_RATIO,1.0,1.0,0.0,,
Tamil Nadu,5868,106,1.8064076346284936,ACTUAL_MINUS_DISBURSED,0.0,0.0,0.0,,
Tamil Nadu,5868,106,1.8064076346284936,STATE_WORK_COUNT,5868.0,5868.0,0.0,,
Tamil Nadu,5868,106,1.8064076346284936,STATE_TOTAL_RECOMMENDED,4746746852.5,4746746852.5,0.0,,
Tamil Nadu,5868,106,1.8064076346284936,STATE_TOTAL_SANCTIONED,4740746852.5,4740746852.5,0.0,,
Tamil Nadu,5868,106,1.8064076346284936,STATE_TOTAL_DISBURSED,2733839772.0,2733839772.0,0.0,,
Tamil Nadu,5868,106,1.8064076346284936,STATE_AVG_WORK_COST,808311.4838022166,808311.4838022166,0.0,,
Tamil Nadu,5868,106,1.8064076346284936,DISBURSED_TO_PEER_MEDIAN,1.0,1.0,0.0,,
Tamil Nadu,5868,106,1.8064076346284936,PAYMENT_COUNT_GE_5,0.0,0.0,0.0,,
Tamil Nadu,5868,106,1.8064076346284936,PAYMENT_COUNT_GE_10,0.0,0.0,0.0,,
Tamil Nadu,5868,106,1.8064076346284936,VENDOR_COUNT_GE_5,0.0,0.0,0.0,,
Tamil Nadu,5868,106,1.8064076346284936,VENDOR_COUNT_GE_10,0.0,0.0,0.0,,
Tamil Nadu,5868,106,1.8064076346284936,NEGATIVE_RECOMMENDATION_TO_SANCTION,0.0,0.0,0.0,,
Tamil Nadu,5868,106,1.8064076346284936,NEGATIVE_SANCTION_TO_PAYMENT,0.0,0.0,0.0,,
Tamil Nadu,5868,106,1.8064076346284936,ACTUAL_ABOVE_SANCTION,0.0,0.0,0.0,,
Tamil Nadu,5868,106,1.8064076346284936,DISBURSED_ABOVE_SANCTION,0.0,0.0,0.0,,
Tamil Nadu,5868,106,1.8064076346284936,DISBURSED_MINUS_ACTUAL,0.0,0.0,0.0,,
Tamil Nadu,5868,106,1.8064076346284936,DISBURSED_ABOVE_2X_PEER_MEDIAN,0.0,0.0,0.0,,
Telangana,5288,66,1.248108925869894,COMPLETION_BEFORE_LAST_PAYMENT,1.0,0.0,0.10658334474913493,9.382328940358352,9.382328940358352
Telangana,5288,66,1.248108925869894,HAS_ACTUAL_END_DATE,1.0,0.0,0.1670474965993089,5.986321377797512,5.986321377797512
Telangana,5288,66,1.248108925869894,RECOMMENDATION_TO_SANCTION_DAYS,375.0,83.0,116.634186628646,2.503554133143697,2.503554133143697
Telangana,5288,66,1.248108925869894,COMPLETION_YEAR,2026.0,2025.0,0.43637719455582413,2.2915954648314547,2.2915954648314547
Telangana,5288,66,1.248108925869894,MISSING_FIELD_COUNT,0.0,5.0,2.258443994628701,-2.213913655548507,2.213913655548507
Telangana,5288,66,1.248108925869894,DATA_COMPLETENESS_RATIO,1.0,0.5454545454545454,0.20531309042079102,2.213913655548507,2.213913655548507
Telangana,5288,66,1.248108925869894,COMPLETION_DURATION_DAYS,390.0,174.0,101.12019671383749,2.1360717939588634,2.1360717939588634
Telangana,5288,66,1.248108925869894,RECOMMENDATION_TO_COMPLETION_DAYS,390.0,174.0,101.12019671383749,2.1360717939588634,2.1360717939588634
Telangana,5288,66,1.248108925869894,IS_COMPLETED,1.0,0.0,0.48777157961738965,2.0501399462108982,2.0501399462108982
Telangana,5288,66,1.248108925869894,HAS_ACTUAL_AMOUNT,1.0,0.0,0.48777157961738965,2.0501399462108982,2.0501399462108982
Telangana,5288,66,1.248108925869894,NO_PAYMENT_RECORD,0.0,1.0,0.4998881002622298,-2.000447699145915,2.000447699145915
Telangana,5288,66,1.248108925869894,RECOMMENDATION_TO_FIRST_PAYMENT_DAYS,395.0,168.0,122.66847401857675,1.8505162130379436,1.8505162130379436
Telangana,5288,66,1.248108925869894,FIRST_PAYMENT_YEAR,2026.0,2025.0,0.5640437886018517,1.7729119976284005,1.7729119976284005
Telangana,5288,66,1.248108925869894,SANCTION_YEAR,2026.0,2025.0,0.6051761436918982,1.6524114680057695,1.6524114680057695
Telangana,5288,66,1.248108925869894,DISBURSED_PER_EXPENDITURE_DAY,61755.22839506173,1997.16,37708.189153884625,1.5847504145901306,1.5847504145901306
Telangana,5288,66,1.248108925869894,ATTACH_ID,2172024.5,1795879.0,326273.4121731678,1.1528536680162063,1.1528536680162063
Telangana,5288,66,1.248108925869894,RECOMMENDATION_MONTH,4.0,7.0,3.1364639436110955,-0.9564911486105016,0.9564911486105016
Telangana,5288,66,1.248108925869894,MP_TOTAL_DISBURSED,36216683.0,59508874.0,44535309.245476656,-0.5230050356586607,0.5230050356586607
Telangana,5288,66,1.248108925869894,CONSTITUENCY_TOTAL_DISBURSED,36216683.0,59508874.0,44535309.245476656,-0.5230050356586607,0.5230050356586607
Telangana,5288,66,1.248108925869894,PAYMENTS_PER_100_DAYS,4.444444444444445,1.020408163265306,7.077524575129523,0.4837900942387723,0.4837900942387723
Telangana,5288,66,1.248108925869894,PAYMENTS_PER_30_DAYS,1.3333333333333337,0.3061224489795918,2.1232573725388577,0.4837900942387723,0.4837900942387723
Telangana,5288,66,1.248108925869894,PAYMENT_AFTER_REPORTED_COMPLETION_DAYS,7.0,2.0,10.537248968265343,0.47450715220436773,0.47450715220436773
Telangana,5288,66,1.248108925869894,ACTUAL_AMOUNT,99359.0,199812.0,229612.76080418925,-0.4374887512705141,0.4374887512705141
Telangana,5288,66,1.248108925869894,AVERAGE_PAYMENT_AMOUNT,99423.0,199908.0,242241.07117187892,-0.41481405078787076,0.41481405078787076
Telangana,5288,66,1.248108925869894,TOTAL_FUND_DISBURSED_AMT,99455.0,199939.0,242393.40480148327,-0.41454923281553374,0.41454923281553374
Telangana,5288,66,1.248108925869894,PEER_MEDIAN_DISBURSED,99455.0,199939.0,242393.40480148327,-0.41454923281553374,0.41454923281553374
Telangana,5288,66,1.248108925869894,PEER_MEDIAN_SANCTION,112500.0,250000.0,379242.0829712085,-0.3625652483573106,0.3625652483573106
Telangana,5288,66,1.248108925869894,PEER_MEAN_SANCTION,112500.0,250000.0,386057.47891983663,-0.3561645804265104,0.3561645804265104
Telangana,5288,66,1.248108925869894,RECOMMENDED_AMOUNT,112500.0,250000.0,459993.8277582728,-0.2989170543224253,0.2989170543224253
Telangana,5288,66,1.248108925869894,SANCTION_AMOUNT,112500.0,250000.0,460492.47342663864,-0.29859337108558676,0.29859337108558676
Telangana,5288,66,1.248108925869894,LAST_PAYMENT_TO_COMPLETION_DAYS,-7.0,0.0,38.25818857824545,-0.1829673662066785,0.1829673662066785
Telangana,5288,66,1.248108925869894,REMAINING_SANCTION_RATIO,0.00835,0.0,0.0496732381022419,0.16809856411642188,0.16809856411642188
Telangana,5288,66,1.248108925869894,DISBURSED_TO_SANCTION_RATIO,0.99165,1.0,0.0496732381022419,-0.16809856411642124,0.16809856411642124
Telangana,5288,66,1.248108925869894,DISBURSED_TO_RECOMMENDED_RATIO,0.99165,1.0,0.049711452494706695,-0.16796934269601319,0.16796934269601319
Telangana,5288,66,1.248108925869894,ACTUAL_TO_SANCTION_RATIO,0.99101,1.0,0.07003486870816589,-0.12836462987403077,0.12836462987403077
Telangana,5288,66,1.248108925869894,ACTUAL_TO_RECOMMENDED_RATIO,0.99101,1.0,0.07008572508469169,-0.1282714845160912,0.1282714845160912
Telangana,5288,66,1.248108925869894,MP_TOTAL_RECOMMENDED,107104990.0,115920311.0,69074206.34358367,-0.12762102478820386,0.12762102478820386
Telangana,5288,66,1.248108925869894,MP_TOTAL_SANCTIONED,107104990.0,115920311.0,69187508.80412325,-0.1274120307605966,0.1274120307605966
Telangana,5288,66,1.248108925869894,CONSTITUENCY_TOTAL_SANCTIONED,107104990.0,115920311.0,69187508.80412325,-0.1274120307605966,0.1274120307605966
Telangana,5288,66,1.248108925869894,SANCTION_TO_FIRST_PAYMENT_DAYS,22.0,13.0,91.04346132090636,0.09885388658804567,0.09885388658804567
Telangana,5288,66,1.248108925869894,ACTUAL_MINUS_SANCTION,-964.0,0.0,18095.903357703075,-0.053271725701919376,0.053271725701919376
Telangana,5288,66,1.248108925869894,SANCTION_TO_COMPLETION_DAYS,15.0,20.0,101.81921712226773,-0.04910664353268246,0.04910664353268246
Telangana,5288,66,1.248108925869894,MP_WORK_COUNT,356.0,366.0,244.39981840778057,-0.040916560679742496,0.040916560679742496
Telangana,5288,66,1.248108925869894,CONSTITUENCY_WORK_COUNT,356.0,366.0,244.39981840778057,-0.040916560679742496,0.040916560679742496
Telangana,5288,66,1.248108925869894,REMAINING_SANCTION_AMOUNT,996.0,0.0,31572.974933597576,0.03154596619719012,0.03154596619719012
Telangana,5288,66,1.248108925869894,MP_AVG_SANCTION_AMOUNT,300856.71348314604,293520.22440087143,233166.56957063178,0.03146458386287752,0.03146458386287752
Telangana,5288,66,1.248108925869894,CONSTITUENCY_AVG_SANCTION,300856.71348314604,293520.22440087143,233166.56957063178,0.03146458386287752,0.03146458386287752
Telangana,5288,66,1.248108925869894,PAYMENT_COUNT,1.0,1.0,0.15074682388148594,0.0,0.0
Telangana,5288,66,1.248108925869894,EXPENDITURE_DURATION_DAYS,0.0,0.0,21.721619111502644,0.0,0.0
Telangana,5288,66,1.248108925869894,UNIQUE_VENDOR_COUNT,1.0,1.0,0.10247249207534223,0.0,0.0
Telangana,5288,66,1.248108925869894,UNIQUE_VENDOR_NAME_COUNT,1.0,1.0,0.10247249207534223,0.0,0.0
Telangana,5288,66,1.248108925869894,PAYMENT_SUCCESS_COUNT,1.0,1.0,0.19918623290597595,0.0,0.0
Telangana,5288,66,1.248108925869894,PAYMENT_IN_PROGRESS_COUNT,0.0,0.0,0.12742440758869905,0.0,0.0
Telangana,5288,66,1.248108925869894,FLAG,1.0,1.0,0.0743212285240002,0.0,0.0
Telangana,5288,66,1.248108925869894,PAYMENT_SUCCESS_RATIO,1.0,1.0,0.12742440758869905,0.0,0.0
Telangana,5288,66,1.248108925869894,PAYMENT_IN_PROGRESS_RATIO,0.0,0.0,0.12742440758869905,0.0,0.0
Telangana,5288,66,1.248108925869894,PAYMENTS_PER_VENDOR,1.0,1.0,0.1066810046924012,0.0,0.0
Telangana,5288,66,1.248108925869894,STATE_AVG_WORK_COST,360805.633010078,360805.633010078,5.821323502513099e-11,0.0,0.0
Telangana,5288,66,1.248108925869894,MP_MEDIAN_SANCTION_AMOUNT,200000.0,200000.0,142704.24213245936,0.0,0.0
Telangana,5288,66,1.248108925869894,PEER_COUNT,1.0,1.0,111.79177795412681,0.0,0.0
Telangana,5288,66,1.248108925869894,SANCTION_TO_PEER_MEDIAN,1.0,1.0,0.820576785043455,0.0,0.0
Telangana,5288,66,1.248108925869894,CATEGORY_WORK_COUNT,102324.0,102324.0,11364.95508079882,0.0,0.0
Telangana,5288,66,1.248108925869894,ACTIVITY_WORK_COUNT,1.0,1.0,1192.2097611155316,0.0,0.0
Telangana,5288,66,1.248108925869894,MULTIPLE_PAYMENTS,0.0,0.0,0.10024112233678627,0.0,0.0
Telangana,5288,66,1.248108925869894,MULTIPLE_VENDORS,0.0,0.0,0.07172645678890126,0.0,0.0
Telangana,5288,66,1.248108925869894,RECOMMENDATION_YEAR,2025.0,2025.0,0.6643959448488591,0.0,0.0
Telangana,5288,66,1.248108925869894,SANCTION_ABOVE_2X_PEER_MEDIAN,0.0,0.0,0.13434751478736418,0.0,0.0
Telangana,5288,66,1.248108925869894,SANCTION_ABOVE_5X_PEER_MEDIAN,0.0,0.0,0.051713534912534324,0.0,0.0
Telangana,5288,66,1.248108925869894,AVERAGE_PAYMENT_ABOVE_1M,0.0,0.0,0.06021551888472091,0.0,0.0
Telangana,5288,66,1.248108925869894,TOTAL_DISBURSED_ABOVE_5M,0.0,0.0,0.013838262554683775,0.0,0.0
Telangana,5288,66,1.248108925869894,HOUSE_OF_PARLIAMENT,2.0,2.0,0.0,,
Telangana,5288,66,1.248108925869894,AVERAGE_RATING,0.0,0.0,0.0,,
Telangana,5288,66,1.248108925869894,ACTUAL_VS_DISBURSED_RATIO,1.0,1.0,0.0,,
Telangana,5288,66,1.248108925869894,RECOMMENDED_TO_SANCTION_DIFFERENCE,0.0,0.0,0.0,,
Telangana,5288,66,1.248108925869894,SANCTION_TO_RECOMMENDED_RATIO,1.0,1.0,0.0,,
Telangana,5288,66,1.248108925869894,ACTUAL_MINUS_DISBURSED,0.0,0.0,0.0,,
Telangana,5288,66,1.248108925869894,STATE_WORK_COUNT,5288.0,5288.0,0.0,,
Telangana,5288,66,1.248108925869894,STATE_TOTAL_RECOMMENDED,1902998824.0,1902998824.0,0.0,,
Telangana,5288,66,1.248108925869894,STATE_TOTAL_SANCTIONED,1897476824.0,1897476824.0,0.0,,
Telangana,5288,66,1.248108925869894,STATE_TOTAL_DISBURSED,742437272.0,742437272.0,0.0,,
Telangana,5288,66,1.248108925869894,DISBURSED_TO_PEER_MEDIAN,1.0,1.0,0.0,,
Telangana,5288,66,1.248108925869894,PAYMENT_COUNT_GE_5,0.0,0.0,0.0,,
Telangana,5288,66,1.248108925869894,PAYMENT_COUNT_GE_10,0.0,0.0,0.0,,
Telangana,5288,66,1.248108925869894,VENDOR_COUNT_GE_5,0.0,0.0,0.0,,
Telangana,5288,66,1.248108925869894,VENDOR_COUNT_GE_10,0.0,0.0,0.0,,
Telangana,5288,66,1.248108925869894,NEGATIVE_RECOMMENDATION_TO_SANCTION,0.0,0.0,0.0,,
Telangana,5288,66,1.248108925869894,NEGATIVE_SANCTION_TO_PAYMENT,0.0,0.0,0.0,,
Telangana,5288,66,1.248108925869894,ACTUAL_ABOVE_SANCTION,0.0,0.0,0.0,,
Telangana,5288,66,1.248108925869894,DISBURSED_ABOVE_SANCTION,0.0,0.0,0.0,,
Telangana,5288,66,1.248108925869894,DISBURSED_MINUS_ACTUAL,0.0,0.0,0.0,,
Telangana,5288,66,1.248108925869894,DISBURSED_ABOVE_2X_PEER_MEDIAN,0.0,0.0,0.0,,
Uttar Pradesh,16859,339,2.010795420843466,LAST_PAYMENT_TO_COMPLETION_DAYS,40.0,0.0,14.311911847029085,2.79487467694984,2.79487467694984
Uttar Pradesh,16859,339,2.010795420843466,MULTIPLE_PAYMENTS,1.0,0.0,0.4347592417623466,2.3001236177208906,2.3001236177208906
Uttar Pradesh,16859,339,2.010795420843466,COMPLETION_YEAR,2026.0,2025.0,0.4367208485996445,2.289792216713544,2.289792216713544
Uttar Pradesh,16859,339,2.010795420843466,IS_COMPLETED,1.0,0.0,0.48151595445608003,2.076774384619507,2.076774384619507
Uttar Pradesh,16859,339,2.010795420843466,HAS_ACTUAL_AMOUNT,1.0,0.0,0.48151595445608003,2.076774384619507,2.076774384619507
Uttar Pradesh,16859,339,2.010795420843466,FIRST_PAYMENT_YEAR,2026.0,2025.0,0.537281116838286,1.8612230518813966,1.8612230518813966
Uttar Pradesh,16859,339,2.010795420843466,DISBURSED_PER_EXPENDITURE_DAY,24533.223636492923,2508.557142857143,12162.385678117143,1.8108837424275313,1.8108837424275313
Uttar Pradesh,16859,339,2.010795420843466,PAYMENT_COUNT,2.0,1.0,0.5658755174996764,1.767173113299732,1.767173113299732
Uttar Pradesh,16859,339,2.010795420843466,PEER_MEDIAN_SANCTION,1144000.0,190000.0,565790.2529345942,1.6861372126010858,1.6861372126010858
Uttar Pradesh,16859,339,2.010795420843466,PEER_MEAN_SANCTION,1144000.0,240621.0,563554.4144406819,1.603002260033023,1.603002260033023
Uttar Pradesh,16859,339,2.010795420843466,COMPLETION_DURATION_DAYS,286.0,182.0,65.33559239393284,1.591781694928928,1.591781694928928
Uttar Pradesh,16859,339,2.010795420843466,RECOMMENDATION_TO_COMPLETION_DAYS,286.0,182.0,65.33559239393284,1.591781694928928,1.591781694928928
Uttar Pradesh,16859,339,2.010795420843466,SANCTION_TO_COMPLETION_DAYS,229.0,147.0,51.82067762469024,1.5823799255170423,1.5823799255170423
Uttar Pradesh,16859,339,2.010795420843466,RECOMMENDED_AMOUNT,1144000.0,220827.0,707875.9940089933,1.304145087293738,1.304145087293738
Uttar Pradesh,16859,339,2.010795420843466,SANCTION_AMOUNT,1144000.0,220827.0,708313.0720552233,1.3033403397756653,1.3033403397756653
Uttar Pradesh,16859,339,2.010795420843466,DISBURSED_TO_RECOMMENDED_RATIO,0.8693255578964825,1.0,0.10921525089336233,-1.196485298844462,1.196485298844462
Uttar Pradesh,16859,339,2.010795420843466,DISBURSED_TO_SANCTION_RATIO,0.8693255578964825,1.0,0.10923455160132266,-1.1962738912541595,1.1962738912541595
Uttar Pradesh,16859,339,2.010795420843466,REMAINING_SANCTION_RATIO,0.13067444210351753,0.0,0.10923455160132264,1.1962738912541595,1.1962738912541595
Uttar Pradesh,16859,339,2.010795420843466,AVERAGE_PAYMENT_AMOUNT,660585.5,172830.0,452555.15721765044,1.0777813316696343,1.0777813316696343
Uttar Pradesh,16859,339,2.010795420843466,TOTAL_FUND_DISBURSED_AMT,863770.0,238871.64,583611.1307331161,1.0707444171173022,1.0707444171173022
Uttar Pradesh,16859,339,2.010795420843466,PEER_MEDIAN_DISBURSED,863770.0,238871.64,583611.1307331161,1.0707444171173022,1.0707444171173022
Uttar Pradesh,16859,339,2.010795420843466,MP_MEDIAN_SANCTION_AMOUNT,578214.0,184000.0,477616.4369165114,0.8253777917381634,0.8253777917381634
Uttar Pradesh,16859,339,2.010795420843466,REMAINING_SANCTION_AMOUNT,73494.5,0.0,91173.87718508585,0.8060916379677904,0.8060916379677904
Uttar Pradesh,16859,339,2.010795420843466,MP_AVG_SANCTION_AMOUNT,737382.1989528795,289623.7367567568,610044.1032484295,0.7339771990448716,0.7339771990448716
Uttar Pradesh,16859,339,2.010795420843466,CONSTITUENCY_AVG_SANCTION,737382.1989528795,289623.7367567568,610044.1032484295,0.7339771990448716,0.7339771990448716
Uttar Pradesh,16859,339,2.010795420843466,ATTACH_ID,2186610.0,1950272.0,326651.3870548459,0.7235175155105587,0.7235175155105587
Uttar Pradesh,16859,339,2.010795420843466,ACTUAL_AMOUNT,637906.5,231930.0,632044.2969936944,0.6423228592220811,0.6423228592220811
Uttar Pradesh,16859,339,2.010795420843466,PAYMENTS_PER_VENDOR,1.325,1.0,0.5205126295384317,0.6243844655377451,0.6243844655377451
Uttar Pradesh,16859,339,2.010795420843466,MP_TOTAL_SANCTIONED,107283783.0,122125871.0,25989405.12969512,-0.5710822516303632,0.5710822516303632
Uttar Pradesh,16859,339,2.010795420843466,CONSTITUENCY_TOTAL_SANCTIONED,107283783.0,122125871.0,25989405.12969512,-0.5710822516303632,0.5710822516303632
Uttar Pradesh,16859,339,2.010795420843466,MP_TOTAL_RECOMMENDED,107650221.0,122125871.0,25979015.71910366,-0.5572054829373437,0.5572054829373437
Uttar Pradesh,16859,339,2.010795420843466,MP_TOTAL_DISBURSED,80936917.0,69805592.0,22139823.688620124,0.5027738773602567,0.5027738773602567
Uttar Pradesh,16859,339,2.010795420843466,CONSTITUENCY_TOTAL_DISBURSED,80936917.0,69805592.0,22139823.688620124,0.5027738773602567,0.5027738773602567
Uttar Pradesh,16859,339,2.010795420843466,DATA_COMPLETENESS_RATIO,0.9090909090909092,0.8181818181818181,0.1985524617496446,0.4578592987868294,0.4578592987868294
Uttar Pradesh,16859,339,2.010795420843466,MISSING_FIELD_COUNT,1.0,2.0,2.18407707924609,-0.45785929878682885,0.45785929878682885
Uttar Pradesh,16859,339,2.010795420843466,ACTUAL_MINUS_SANCTION,-2660.0,0.0,10732.371475573078,-0.24784829765296246,0.24784829765296246
Uttar Pradesh,16859,339,2.010795420843466,MP_WORK_COUNT,186.0,360.0,856.7895760442061,-0.20308370323943165,0.20308370323943165
Uttar Pradesh,16859,339,2.010795420843466,CONSTITUENCY_WORK_COUNT,186.0,360.0,856.7895760442061,-0.20308370323943165,0.20308370323943165
Uttar Pradesh,16859,339,2.010795420843466,RECOMMENDATION_TO_SANCTION_DAYS,67.0,75.0,72.69412469351111,-0.11005015926292738,0.11005015926292738
Uttar Pradesh,16859,339,2.010795420843466,PAYMENT_AFTER_REPORTED_COMPLETION_DAYS,2.0,1.0,13.396786204049645,0.07464476813832523,0.07464476813832523
Uttar Pradesh,16859,339,2.010795420843466,SANCTION_TO_FIRST_PAYMENT_DAYS,89.0,83.0,89.0048265086916,0.06741207455096923,0.06741207455096923
Uttar Pradesh,16859,339,2.010795420843466,RECOMMENDATION_TO_FIRST_PAYMENT_DAYS,181.5,175.0,108.36740928766612,0.05998113309828659,0.05998113309828659
Uttar Pradesh,16859,339,2.010795420843466,ACTUAL_TO_SANCTION_RATIO,0.9983080091189381,1.0,0.03829446924423963,-0.04418368799605131,0.04418368799605131
Uttar Pradesh,16859,339,2.010795420843466,ACTUAL_TO_RECOMMENDED_RATIO,0.9983080091189381,1.0,0.038300784876792296,-0.04417640229840563,0.04417640229840563
Uttar Pradesh,16859,339,2.010795420843466,PAYMENTS_PER_100_DAYS,1.7937580437580436,1.818181818181818,3.8189553648038297,-0.006395407144285619,0.006395407144285619
Uttar Pradesh,16859,339,2.010795420843466,PAYMENTS_PER_30_DAYS,0.5381274131274132,0.5454545454545454,1.1456866094411489,-0.006395407144285561,0.006395407144285561
Uttar Pradesh,16859,339,2.010795420843466,EXPENDITURE_DURATION_DAYS,0.0,0.0,86.62572048079146,0.0,0.0
Uttar Pradesh,16859,339,2.010795420843466,UNIQUE_VENDOR_COUNT,1.0,1.0,0.15697921430461334,0.0,0.0
Uttar Pradesh,16859,339,2.010795420843466,UNIQUE_VENDOR_NAME_COUNT,1.0,1.0,0.15447032411618405,0.0,0.0
Uttar Pradesh,16859,339,2.010795420843466,PAYMENT_SUCCESS_COUNT,1.0,1.0,0.6187346115102696,0.0,0.0
Uttar Pradesh,16859,339,2.010795420843466,PAYMENT_IN_PROGRESS_COUNT,0.0,0.0,0.2443763402560001,0.0,0.0
Uttar Pradesh,16859,339,2.010795420843466,FLAG,1.0,1.0,0.05547812883094907,0.0,0.0
Uttar Pradesh,16859,339,2.010795420843466,AVERAGE_RATING,0.0,0.0,0.018204399124740266,0.0,0.0
Uttar Pradesh,16859,339,2.010795420843466,PAYMENT_SUCCESS_RATIO,1.0,1.0,0.20193232519818988,0.0,0.0
Uttar Pradesh,16859,339,2.010795420843466,PAYMENT_IN_PROGRESS_RATIO,0.0,0.0,0.20193232519818988,0.0,0.0
Uttar Pradesh,16859,339,2.010795420843466,HAS_ACTUAL_END_DATE,0.0,0.0,0.12232645559204616,0.0,0.0
Uttar Pradesh,16859,339,2.010795420843466,STATE_TOTAL_RECOMMENDED,8296217507.18,8296217507.18,2.8611095458544896e-06,0.0,0.0
Uttar Pradesh,16859,339,2.010795420843466,STATE_TOTAL_SANCTIONED,8287522507.18,8287522507.18,2.8611095458544896e-06,0.0,0.0
Uttar Pradesh,16859,339,2.010795420843466,STATE_AVG_WORK_COST,493070.1158484055,493070.1158484055,2.3283769090612703e-10,0.0,0.0
Uttar Pradesh,16859,339,2.010795420843466,PEER_COUNT,1.0,1.0,737.4130967215766,0.0,0.0
Uttar Pradesh,16859,339,2.010795420843466,SANCTION_TO_PEER_MEDIAN,1.0,1.0,8.575930058571421,0.0,0.0
Uttar Pradesh,16859,339,2.010795420843466,CATEGORY_WORK_COUNT,102324.0,102324.0,8715.48202228842,0.0,0.0
Uttar Pradesh,16859,339,2.010795420843466,ACTIVITY_WORK_COUNT,1.0,1.0,1415.631029267731,0.0,0.0
Uttar Pradesh,16859,339,2.010795420843466,NO_PAYMENT_RECORD,0.0,0.0,0.49179048652031293,0.0,0.0
Uttar Pradesh,16859,339,2.010795420843466,MULTIPLE_VENDORS,0.0,0.0,0.11767412419391039,0.0,0.0
Uttar Pradesh,16859,339,2.010795420843466,PAYMENT_COUNT_GE_5,0.0,0.0,0.022001279354562614,0.0,0.0
Uttar Pradesh,16859,339,2.010795420843466,COMPLETION_BEFORE_LAST_PAYMENT,0.0,0.0,0.06402755364609458,0.0,0.0
Uttar Pradesh,16859,339,2.010795420843466,RECOMMENDATION_YEAR,2025.0,2025.0,0.7545658468483485,0.0,0.0
Uttar Pradesh,16859,339,2.010795420843466,RECOMMENDATION_MONTH,8.0,8.0,3.289928255224587,0.0,0.0
Uttar Pradesh,16859,339,2.010795420843466,SANCTION_YEAR,2025.0,2025.0,0.621976294102759,0.0,0.0
Uttar Pradesh,16859,339,2.010795420843466,SANCTION_ABOVE_2X_PEER_MEDIAN,0.0,0.0,0.16965548424390664,0.0,0.0
Uttar Pradesh,16859,339,2.010795420843466,SANCTION_ABOVE_5X_PEER_MEDIAN,0.0,0.0,0.1542757718697859,0.0,0.0
Uttar Pradesh,16859,339,2.010795420843466,AVERAGE_PAYMENT_ABOVE_1M,0.0,0.0,0.16401158726661902,0.0,0.0
Uttar Pradesh,16859,339,2.010795420843466,TOTAL_DISBURSED_ABOVE_5M,0.0,0.0,0.020580935537031816,0.0,0.0
Uttar Pradesh,16859,339,2.010795420843466,HOUSE_OF_PARLIAMENT,2.0,2.0,0.0,,
Uttar Pradesh,16859,339,2.010795420843466,ACTUAL_VS_DISBURSED_RATIO,1.0,1.0,0.0,,
Uttar Pradesh,16859,339,2.010795420843466,RECOMMENDED_TO_SANCTION_DIFFERENCE,0.0,0.0,0.0,,
Uttar Pradesh,16859,339,2.010795420843466,SANCTION_TO_RECOMMENDED_RATIO,1.0,1.0,0.0,,
Uttar Pradesh,16859,339,2.010795420843466,ACTUAL_MINUS_DISBURSED,0.0,0.0,0.0,,
Uttar Pradesh,16859,339,2.010795420843466,STATE_WORK_COUNT,16859.0,16859.0,0.0,,
Uttar Pradesh,16859,339,2.010795420843466,STATE_TOTAL_DISBURSED,5287601009.47,5287601009.47,0.0,,
Uttar Pradesh,16859,339,2.010795420843466,DISBURSED_TO_PEER_MEDIAN,1.0,1.0,0.0,,
Uttar Pradesh,16859,339,2.010795420843466,PAYMENT_COUNT_GE_10,0.0,0.0,0.0,,
Uttar Pradesh,16859,339,2.010795420843466,VENDOR_COUNT_GE_5,0.0,0.0,0.0,,
Uttar Pradesh,16859,339,2.010795420843466,VENDOR_COUNT_GE_10,0.0,0.0,0.0,,
Uttar Pradesh,16859,339,2.010795420843466,NEGATIVE_RECOMMENDATION_TO_SANCTION,0.0,0.0,0.0,,
Uttar Pradesh,16859,339,2.010795420843466,NEGATIVE_SANCTION_TO_PAYMENT,0.0,0.0,0.0,,
Uttar Pradesh,16859,339,2.010795420843466,ACTUAL_ABOVE_SANCTION,0.0,0.0,0.0,,
Uttar Pradesh,16859,339,2.010795420843466,DISBURSED_ABOVE_SANCTION,0.0,0.0,0.0,,
Uttar Pradesh,16859,339,2.010795420843466,DISBURSED_MINUS_ACTUAL,0.0,0.0,0.0,,
Uttar Pradesh,16859,339,2.010795420843466,DISBURSED_ABOVE_2X_PEER_MEDIAN,0.0,0.0,0.0,,
Uttarakhand,933,82,8.788853161843516,VENDOR_COUNT_GE_5,1.0,0.0,0.22856130678988204,4.37519374580452,4.37519374580452
Uttarakhand,933,82,8.788853161843516,PAYMENT_COUNT_GE_5,1.0,0.0,0.2308363233339126,4.332073850238317,4.332073850238317
Uttarakhand,933,82,8.788853161843516,UNIQUE_VENDOR_NAME_COUNT,9.0,1.0,2.1835792110027605,3.663709546092526,3.663709546092526
Uttarakhand,933,82,8.788853161843516,PAYMENT_COUNT,9.0,1.0,2.1870230997057822,3.657940330431915,3.657940330431915
Uttarakhand,933,82,8.788853161843516,UNIQUE_VENDOR_COUNT,9.0,1.0,2.2022923356424013,3.6325785957323538,3.6325785957323538
Uttarakhand,933,82,8.788853161843516,MULTIPLE_VENDORS,1.0,0.0,0.28193703383662344,3.546891255795359,3.546891255795359
Uttarakhand,933,82,8.788853161843516,PAYMENT_SUCCESS_COUNT,8.0,1.0,2.2063447485914938,3.1726682806341677,3.1726682806341677
Uttarakhand,933,82,8.788853161843516,MULTIPLE_PAYMENTS,1.0,0.0,0.3277198350968268,3.051386864345712,3.051386864345712
Uttarakhand,933,82,8.788853161843516,NO_PAYMENT_RECORD,0.0,1.0,0.49103105311868045,-2.0365310781236956,2.0365310781236956
Uttarakhand,933,82,8.788853161843516,PAYMENTS_PER_100_DAYS,11.76470588235294,1.8271885658599967,4.944453586861936,2.009831246651447,2.009831246651447
Uttarakhand,933,82,8.788853161843516,PAYMENTS_PER_30_DAYS,3.5294117647058822,0.5481565697579991,1.4833360760585808,2.009831246651447,2.009831246651447
Uttarakhand,933,82,8.788853161843516,SANCTION_YEAR,2025.0,2026.0,0.5099588007437227,-1.960942724278123,1.960942724278123
Uttarakhand,933,82,8.788853161843516,DATA_COMPLETENESS_RATIO,0.8181818181818181,0.5454545454545454,0.18959375439322226,1.4384823677346956,1.4384823677346956
Uttarakhand,933,82,8.788853161843516,MISSING_FIELD_COUNT,2.0,5.0,2.0855312983254453,-1.4384823677346954,1.4384823677346954
Uttarakhand,933,82,8.788853161843516,AVERAGE_PAYMENT_AMOUNT,20866.0303030303,247278.25,243716.9687925736,-0.9289965356891834,0.9289965356891834
Uttarakhand,933,82,8.788853161843516,ATTACH_ID,2163237.0,1899596.0,293899.05587725533,0.8970460936428037,0.8970460936428037
Uttarakhand,933,82,8.788853161843516,RECOMMENDATION_TO_FIRST_PAYMENT_DAYS,274.0,189.0,108.82976219054262,0.7810363478620792,0.7810363478620792
Uttarakhand,933,82,8.788853161843516,DISBURSED_PER_EXPENDITURE_DAY,11700.01948051948,2424.779395296752,15317.683223502425,0.6055249968214138,0.6055249968214138
Uttarakhand,933,82,8.788853161843516,DISBURSED_TO_RECOMMENDED_RATIO,0.9663825,0.999936,0.10499451905600449,-0.3195738244403257,0.3195738244403257
Uttarakhand,933,82,8.788853161843516,REMAINING_SANCTION_RATIO,0.0336175,3.0000000000000004e-05,0.10747483761487699,0.31251501044697294,0.31251501044697294
Uttarakhand,933,82,8.788853161843516,DISBURSED_TO_SANCTION_RATIO,0.9663825,0.99997,0.10747483761487699,-0.31251501044697283,0.31251501044697283
Uttarakhand,933,82,8.788853161843516,SANCTION_TO_FIRST_PAYMENT_DAYS,109.5,88.0,85.85172372965914,0.2504317801201283,0.2504317801201283
Uttarakhand,933,82,8.788853161843516,RECOMMENDATION_TO_SANCTION_DAYS,106.0,90.5,76.02603452439942,0.20387752823048408,0.20387752823048408
Uttarakhand,933,82,8.788853161843516,TOTAL_FUND_DISBURSED_AMT,199990.5,249239.0,295512.2791889984,-0.1666546653667225,0.1666546653667225
Uttarakhand,933,82,8.788853161843516,PEER_MEDIAN_DISBURSED,199990.5,249239.0,295512.2791889984,-0.1666546653667225,0.1666546653667225
Uttarakhand,933,82,8.788853161843516,REMAINING_SANCTION_AMOUNT,5594.5,8.0,45999.674028838126,0.12144651278393212,0.12144651278393212
Uttarakhand,933,82,8.788853161843516,ACTUAL_AMOUNT,249552.0,249169.5,252222.16028069358,0.0015165201962203578,0.0015165201962203578
Uttarakhand,933,82,8.788853161843516,PEER_MEDIAN_SANCTION,249552.0,250000.0,435451.7494340381,-0.0010288166268301161,0.0010288166268301161
Uttarakhand,933,82,8.788853161843516,RECOMMENDED_AMOUNT,249552.0,250000.0,441846.18336009345,-0.0010139275088744885,0.0010139275088744885
Uttarakhand,933,82,8.788853161843516,SANCTION_AMOUNT,249552.0,250000.0,441846.18336009345,-0.0010139275088744885,0.0010139275088744885
Uttarakhand,933,82,8.788853161843516,PEER_MEAN_SANCTION,249552.0,249660.0,429893.8817351858,-0.0002512247896250077,0.0002512247896250077
Uttarakhand,933,82,8.788853161843516,EXPENDITURE_DURATION_DAYS,0.0,0.0,44.4979680123823,0.0,0.0
Uttarakhand,933,82,8.788853161843516,PAYMENT_IN_PROGRESS_COUNT,0.0,0.0,0.18375255377005817,0.0,0.0
Uttarakhand,933,82,8.788853161843516,FLAG,1.0,1.0,0.16564721277885477,0.0,0.0
Uttarakhand,933,82,8.788853161843516,ACTUAL_TO_SANCTION_RATIO,1.0,1.0,0.004310064217241519,0.0,0.0
Uttarakhand,933,82,8.788853161843516,ACTUAL_TO_RECOMMENDED_RATIO,1.0,1.0,0.004507904251175589,0.0,0.0
Uttarakhand,933,82,8.788853161843516,PAYMENT_SUCCESS_RATIO,1.0,1.0,0.15934726847243116,0.0,0.0
Uttarakhand,933,82,8.788853161843516,PAYMENT_IN_PROGRESS_RATIO,0.0,0.0,0.15934726847243116,0.0,0.0
Uttarakhand,933,82,8.788853161843516,PAYMENTS_PER_VENDOR,1.0,1.0,0.2851120477190671,0.0,0.0
Uttarakhand,933,82,8.788853161843516,IS_COMPLETED,0.0,0.0,0.39466266997678034,0.0,0.0
Uttarakhand,933,82,8.788853161843516,HAS_ACTUAL_AMOUNT,0.0,0.0,0.39466266997678034,0.0,0.0
Uttarakhand,933,82,8.788853161843516,HAS_ACTUAL_END_DATE,0.0,0.0,0.1272777542884503,0.0,0.0
Uttarakhand,933,82,8.788853161843516,ACTUAL_MINUS_SANCTION,0.0,0.0,2211.9755075001035,0.0,0.0
Uttarakhand,933,82,8.788853161843516,MP_WORK_COUNT,482.0,482.0,156.29110417578937,0.0,0.0
Uttarakhand,933,82,8.788853161843516,CONSTITUENCY_WORK_COUNT,482.0,482.0,156.29110417578937,0.0,0.0
Uttarakhand,933,82,8.788853161843516,STATE_AVG_WORK_COST,323280.1617161716,323280.1617161716,5.824189064939466e-11,0.0,0.0
Uttarakhand,933,82,8.788853161843516,MP_TOTAL_RECOMMENDED,120900456.0,120900456.0,35741664.29990892,0.0,0.0
Uttarakhand,933,82,8.788853161843516,MP_TOTAL_SANCTIONED,120900456.0,120900456.0,35741664.29990892,0.0,0.0
Uttarakhand,933,82,8.788853161843516,MP_TOTAL_DISBURSED,52753228.0,52753228.0,20186034.158946123,0.0,0.0
Uttarakhand,933,82,8.788853161843516,MP_AVG_SANCTION_AMOUNT,250830.8215767635,250830.8215767635,175188.07118195907,0.0,0.0
Uttarakhand,933,82,8.788853161843516,MP_MEDIAN_SANCTION_AMOUNT,250000.0,250000.0,142381.63856898763,0.0,0.0
Uttarakhand,933,82,8.788853161843516,CONSTITUENCY_TOTAL_SANCTIONED,120900456.0,120900456.0,35741664.29990892,0.0,0.0
Uttarakhand,933,82,8.788853161843516,CONSTITUENCY_TOTAL_DISBURSED,52753228.0,52753228.0,20186034.158946123,0.0,0.0
Uttarakhand,933,82,8.788853161843516,CONSTITUENCY_AVG_SANCTION,250830.8215767635,250830.8215767635,175188.07118195907,0.0,0.0
Uttarakhand,933,82,8.788853161843516,PEER_COUNT,1.0,1.0,11.817461449317427,0.0,0.0
Uttarakhand,933,82,8.788853161843516,SANCTION_TO_PEER_MEDIAN,1.0,1.0,0.41461185859332234,0.0,0.0
Uttarakhand,933,82,8.788853161843516,CATEGORY_WORK_COUNT,102324.0,102324.0,15669.90461312015,0.0,0.0
Uttarakhand,933,82,8.788853161843516,ACTIVITY_WORK_COUNT,1.0,1.0,956.616014893244,0.0,0.0
Uttarakhand,933,82,8.788853161843516,PAYMENT_COUNT_GE_10,0.0,0.0,0.06843802340025902,0.0,0.0
Uttarakhand,933,82,8.788853161843516,VENDOR_COUNT_GE_10,0.0,0.0,0.06843802340025902,0.0,0.0
Uttarakhand,933,82,8.788853161843516,COMPLETION_BEFORE_LAST_PAYMENT,0.0,0.0,0.034279558509553054,0.0,0.0
Uttarakhand,933,82,8.788853161843516,RECOMMENDATION_YEAR,2025.0,2025.0,0.5557966651131092,0.0,0.0
Uttarakhand,933,82,8.788853161843516,RECOMMENDATION_MONTH,5.0,5.0,3.1580592048791747,0.0,0.0
Uttarakhand,933,82,8.788853161843516,FIRST_PAYMENT_YEAR,2026.0,2026.0,0.5099774057443994,0.0,0.0
Uttarakhand,933,82,8.788853161843516,SANCTION_ABOVE_2X_PEER_MEDIAN,0.0,0.0,0.10782606465883193,0.0,0.0
Uttarakhand,933,82,8.788853161843516,SANCTION_ABOVE_5X_PEER_MEDIAN,0.0,0.0,0.05930404417134697,0.0,0.0
Uttarakhand,933,82,8.788853161843516,AVERAGE_PAYMENT_ABOVE_1M,0.0,0.0,0.09655717208915794,0.0,0.0
Uttarakhand,933,82,8.788853161843516,HOUSE_OF_PARLIAMENT,2.0,2.0,0.0,,
Uttarakhand,933,82,8.788853161843516,AVERAGE_RATING,0.0,0.0,0.0,,
Uttarakhand,933,82,8.788853161843516,ACTUAL_VS_DISBURSED_RATIO,1.0,1.0,0.0,,
Uttarakhand,933,82,8.788853161843516,RECOMMENDED_TO_SANCTION_DIFFERENCE,0.0,0.0,0.0,,
Uttarakhand,933,82,8.788853161843516,SANCTION_TO_RECOMMENDED_RATIO,1.0,1.0,0.0,,
Uttarakhand,933,82,8.788853161843516,ACTUAL_MINUS_DISBURSED,0.0,0.0,0.0,,
Uttarakhand,933,82,8.788853161843516,STATE_WORK_COUNT,933.0,933.0,0.0,,
Uttarakhand,933,82,8.788853161843516,STATE_TOTAL_RECOMMENDED,293861667.0,293861667.0,0.0,,
Uttarakhand,933,82,8.788853161843516,STATE_TOTAL_SANCTIONED,293861667.0,293861667.0,0.0,,
Uttarakhand,933,82,8.788853161843516,STATE_TOTAL_DISBURSED,127451863.0,127451863.0,0.0,,
Uttarakhand,933,82,8.788853161843516,DISBURSED_TO_PEER_MEDIAN,1.0,1.0,0.0,,
Uttarakhand,933,82,8.788853161843516,NEGATIVE_RECOMMENDATION_TO_SANCTION,0.0,0.0,0.0,,
Uttarakhand,933,82,8.788853161843516,NEGATIVE_SANCTION_TO_PAYMENT,0.0,0.0,0.0,,
Uttarakhand,933,82,8.788853161843516,ACTUAL_ABOVE_SANCTION,0.0,0.0,0.0,,
Uttarakhand,933,82,8.788853161843516,DISBURSED_ABOVE_SANCTION,0.0,0.0,0.0,,
Uttarakhand,933,82,8.788853161843516,DISBURSED_MINUS_ACTUAL,0.0,0.0,0.0,,
Uttarakhand,933,82,8.788853161843516,DISBURSED_ABOVE_2X_PEER_MEDIAN,0.0,0.0,0.0,,
Uttarakhand,933,82,8.788853161843516,TOTAL_DISBURSED_ABOVE_5M,0.0,0.0,0.0,,
West Bengal,5741,83,1.4457411600766417,ACTUAL_MINUS_SANCTION,-66433.0,0.0,8326.35569876444,-7.978640644652988,7.978640644652988
West Bengal,5741,83,1.4457411600766417,AVERAGE_PAYMENT_ABOVE_1M,1.0,0.0,0.2320298782324937,4.309789789218443,4.309789789218443
West Bengal,5741,83,1.4457411600766417,ACTUAL_TO_RECOMMENDED_RATIO,0.950628531563074,1.0,0.014136768180232238,-3.492415508798058,3.492415508798058
West Bengal,5741,83,1.4457411600766417,DISBURSED_TO_RECOMMENDED_RATIO,0.8489539064370362,1.0,0.04345769007571548,-3.4757046060156256,3.4757046060156256
West Bengal,5741,83,1.4457411600766417,DISBURSED_TO_SANCTION_RATIO,0.8526482352941176,1.0,0.043346751732945436,-3.399372705334425,3.399372705334425
West Bengal,5741,83,1.4457411600766417,REMAINING_SANCTION_RATIO,0.1473517647058823,0.0,0.04334675173294543,3.399372705334423,3.399372705334423
West Bengal,5741,83,1.4457411600766417,ACTUAL_AMOUNT,2693600.0,349598.0,713008.280580699,3.287482156716276,3.287482156716276
West Bengal,5741,83,1.4457411600766417,PEER_MEDIAN_SANCTION,3060311.0,378000.0,842908.304241343,3.1822097213933676,3.1822097213933676
West Bengal,5741,83,1.4457411600766417,REMAINING_SANCTION_AMOUNT,150986.0,0.0,47652.06903723089,3.1685087982650577,3.1685087982650577
West Bengal,5741,83,1.4457411600766417,PEER_MEAN_SANCTION,3060311.0,405505.0,857211.2009605593,3.097026726931615,3.097026726931615
West Bengal,5741,83,1.4457411600766417,ACTUAL_TO_SANCTION_RATIO,0.9565142657815371,1.0,0.014122531253254597,-3.0791742244111826,3.0791742244111826
West Bengal,5741,83,1.4457411600766417,SANCTION_AMOUNT,3060311.0,377800.0,983275.1035673794,2.728138839545203,2.728138839545203
West Bengal,5741,83,1.4457411600766417,RECOMMENDED_AMOUNT,3030155.5,377800.0,984349.8915759014,2.694525110124911,2.694525110124911
West Bengal,5741,83,1.4457411600766417,TOTAL_FUND_DISBURSED_AMT,2199000.0,349801.0,737300.7348591579,2.5080661290175454,2.5080661290175454
West Bengal,5741,83,1.4457411600766417,PEER_MEDIAN_DISBURSED,2199000.0,349801.0,737300.7348591579,2.5080661290175454,2.5080661290175454
West Bengal,5741,83,1.4457411600766417,FIRST_PAYMENT_YEAR,2026.0,2025.0,0.5165559224138164,1.9358988187127846,1.9358988187127846
West Bengal,5741,83,1.4457411600766417,AVERAGE_PAYMENT_AMOUNT,1615346.0,349608.0,722479.9497937569,1.7519351234056038,1.7519351234056038
West Bengal,5741,83,1.4457411600766417,MP_AVG_SANCTION_AMOUNT,1192884.8,544168.3883928572,527510.6897356217,1.22976922407443,1.22976922407443
West Bengal,5741,83,1.4457411600766417,CONSTITUENCY_AVG_SANCTION,1192884.8,544168.3883928572,527510.6897356217,1.22976922407443,1.22976922407443
West Bengal,5741,83,1.4457411600766417,MP_WORK_COUNT,93.0,190.0,96.91775972216008,-1.0008485573549748,1.0008485573549748
West Bengal,5741,83,1.4457411600766417,CONSTITUENCY_WORK_COUNT,93.0,190.0,96.91775972216008,-1.0008485573549748,1.0008485573549748
West Bengal,5741,83,1.4457411600766417,DISBURSED_PER_EXPENDITURE_DAY,29403.102963366586,12165.50496031746,18951.31144299996,0.9095728311412545,0.9095728311412545
West Bengal,5741,83,1.4457411600766417,MP_MEDIAN_SANCTION_AMOUNT,593311.0,367691.0,390507.15036981157,0.5777615077888769,0.5777615077888769
West Bengal,5741,83,1.4457411600766417,ATTACH_ID,2114492.0,1909907.0,398722.3342087186,0.5131014303625795,0.5131014303625795
West Bengal,5741,83,1.4457411600766417,SANCTION_TO_FIRST_PAYMENT_DAYS,184.0,138.0,107.61723540504424,0.42744082606162065,0.42744082606162065
West Bengal,5741,83,1.4457411600766417,RECOMMENDATION_TO_FIRST_PAYMENT_DAYS,302.0,252.0,122.55145280699561,0.4079918993595631,0.4079918993595631
West Bengal,5741,83,1.4457411600766417,MP_TOTAL_RECOMMENDED,107421025.0,97771295.0,39140806.24952997,0.24653886632996683,0.24653886632996683
West Bengal,5741,83,1.4457411600766417,MP_TOTAL_SANCTIONED,106621025.0,97771295.0,39140866.558146834,0.22609949084425687,0.22609949084425687
West Bengal,5741,83,1.4457411600766417,CONSTITUENCY_TOTAL_SANCTIONED,106621025.0,97771295.0,39140866.558146834,0.22609949084425687,0.22609949084425687
West Bengal,5741,83,1.4457411600766417,PAYMENTS_PER_100_DAYS,1.5597605948854363,2.154523340669524,4.602735583375166,-0.12921940333316967,0.12921940333316967
West Bengal,5741,83,1.4457411600766417,PAYMENTS_PER_30_DAYS,0.46792817846563084,0.6463570022008571,1.3808206750125498,-0.12921940333316967,0.12921940333316967
West Bengal,5741,83,1.4457411600766417,MP_TOTAL_DISBURSED,47156012.0,43747686.0,31300787.977215625,0.10888946318159716,0.10888946318159716
West Bengal,5741,83,1.4457411600766417,CONSTITUENCY_TOTAL_DISBURSED,47156012.0,43747686.0,31300787.977215625,0.10888946318159716,0.10888946318159716
West Bengal,5741,83,1.4457411600766417,RECOMMENDATION_TO_SANCTION_DAYS,95.0,98.0,98.45559029481609,-0.03047059076093881,0.03047059076093881
West Bengal,5741,83,1.4457411600766417,PAYMENT_COUNT,1.0,1.0,0.1918980100997047,0.0,0.0
West Bengal,5741,83,1.4457411600766417,EXPENDITURE_DURATION_DAYS,0.0,0.0,18.645819386301092,0.0,0.0
West Bengal,5741,83,1.4457411600766417,UNIQUE_VENDOR_COUNT,1.0,1.0,0.07493657361673224,0.0,0.0
West Bengal,5741,83,1.4457411600766417,UNIQUE_VENDOR_NAME_COUNT,1.0,1.0,0.07256789121093357,0.0,0.0
West Bengal,5741,83,1.4457411600766417,PAYMENT_SUCCESS_COUNT,1.0,1.0,0.2537036316934258,0.0,0.0
West Bengal,5741,83,1.4457411600766417,PAYMENT_IN_PROGRESS_COUNT,0.0,0.0,0.1613008340966918,0.0,0.0
West Bengal,5741,83,1.4457411600766417,FLAG,1.0,1.0,0.06499642671518115,0.0,0.0
West Bengal,5741,83,1.4457411600766417,PAYMENT_SUCCESS_RATIO,1.0,1.0,0.1613008340966918,0.0,0.0
West Bengal,5741,83,1.4457411600766417,PAYMENT_IN_PROGRESS_RATIO,0.0,0.0,0.1613008340966918,0.0,0.0
West Bengal,5741,83,1.4457411600766417,PAYMENTS_PER_VENDOR,1.0,1.0,0.17011828305520496,0.0,0.0
West Bengal,5741,83,1.4457411600766417,IS_COMPLETED,0.0,0.0,0.4951459630582526,0.0,0.0
West Bengal,5741,83,1.4457411600766417,HAS_ACTUAL_AMOUNT,0.0,0.0,0.4951459630582526,0.0,0.0
West Bengal,5741,83,1.4457411600766417,HAS_ACTUAL_END_DATE,0.0,0.0,0.12165484884425344,0.0,0.0
West Bengal,5741,83,1.4457411600766417,STATE_TOTAL_RECOMMENDED,4234098945.93,4234098945.93,4.768793021033534e-07,0.0,0.0
West Bengal,5741,83,1.4457411600766417,STATE_TOTAL_SANCTIONED,4226598945.93,4226598945.93,4.768793021033534e-07,0.0,0.0
West Bengal,5741,83,1.4457411600766417,STATE_TOTAL_DISBURSED,1882712038.38,1882712038.38,4.768793021033534e-07,0.0,0.0
West Bengal,5741,83,1.4457411600766417,PEER_COUNT,1.0,1.0,36.87500351968089,0.0,0.0
West Bengal,5741,83,1.4457411600766417,SANCTION_TO_PEER_MEDIAN,1.0,1.0,0.8984796022218673,0.0,0.0
West Bengal,5741,83,1.4457411600766417,CATEGORY_WORK_COUNT,102324.0,102324.0,14127.713325073893,0.0,0.0
West Bengal,5741,83,1.4457411600766417,ACTIVITY_WORK_COUNT,1.0,1.0,982.9214814432469,0.0,0.0
West Bengal,5741,83,1.4457411600766417,NO_PAYMENT_RECORD,0.0,0.0,0.5000371620091185,0.0,0.0
West Bengal,5741,83,1.4457411600766417,MULTIPLE_PAYMENTS,0.0,0.0,0.11054845002131498,0.0,0.0
West Bengal,5741,83,1.4457411600766417,MULTIPLE_VENDORS,0.0,0.0,0.03757895131860072,0.0,0.0
West Bengal,5741,83,1.4457411600766417,MISSING_FIELD_COUNT,2.0,2.0,2.1632049782678213,0.0,0.0
West Bengal,5741,83,1.4457411600766417,DATA_COMPLETENESS_RATIO,0.8181818181818181,0.8181818181818181,0.1966549980243474,0.0,0.0
West Bengal,5741,83,1.4457411600766417,COMPLETION_BEFORE_LAST_PAYMENT,0.0,0.0,0.04200710797495995,0.0,0.0
West Bengal,5741,83,1.4457411600766417,RECOMMENDATION_YEAR,2025.0,2025.0,0.6925289043957233,0.0,0.0
West Bengal,5741,83,1.4457411600766417,RECOMMENDATION_MONTH,7.0,7.0,3.46926862908389,0.0,0.0
West Bengal,5741,83,1.4457411600766417,SANCTION_YEAR,2025.0,2025.0,0.6171305639129273,0.0,0.0
West Bengal,5741,83,1.4457411600766417,SANCTION_ABOVE_2X_PEER_MEDIAN,0.0,0.0,0.16118382251318492,0.0,0.0
West Bengal,5741,83,1.4457411600766417,SANCTION_ABOVE_5X_PEER_MEDIAN,0.0,0.0,0.09359754199963695,0.0,0.0
West Bengal,5741,83,1.4457411600766417,TOTAL_DISBURSED_ABOVE_5M,0.0,0.0,0.04405352608959295,0.0,0.0
West Bengal,5741,83,1.4457411600766417,HOUSE_OF_PARLIAMENT,2.0,2.0,0.0,,
West Bengal,5741,83,1.4457411600766417,AVERAGE_RATING,0.0,0.0,0.0,,
West Bengal,5741,83,1.4457411600766417,ACTUAL_VS_DISBURSED_RATIO,1.0,1.0,0.0,,
West Bengal,5741,83,1.4457411600766417,RECOMMENDED_TO_SANCTION_DIFFERENCE,0.0,0.0,0.0,,
West Bengal,5741,83,1.4457411600766417,SANCTION_TO_RECOMMENDED_RATIO,1.0,1.0,0.0,,
West Bengal,5741,83,1.4457411600766417,ACTUAL_MINUS_DISBURSED,0.0,0.0,0.0,,
West Bengal,5741,83,1.4457411600766417,STATE_WORK_COUNT,5741.0,5741.0,0.0,,
West Bengal,5741,83,1.4457411600766417,STATE_AVG_WORK_COST,739303.6463057548,739303.6463057548,0.0,,
West Bengal,5741,83,1.4457411600766417,DISBURSED_TO_PEER_MEDIAN,1.0,1.0,0.0,,
West Bengal,5741,83,1.4457411600766417,PAYMENT_COUNT_GE_5,0.0,0.0,0.0,,
West Bengal,5741,83,1.4457411600766417,PAYMENT_COUNT_GE_10,0.0,0.0,0.0,,
West Bengal,5741,83,1.4457411600766417,VENDOR_COUNT_GE_5,0.0,0.0,0.0,,
West Bengal,5741,83,1.4457411600766417,VENDOR_COUNT_GE_10,0.0,0.0,0.0,,
West Bengal,5741,83,1.4457411600766417,NEGATIVE_RECOMMENDATION_TO_SANCTION,0.0,0.0,0.0,,
West Bengal,5741,83,1.4457411600766417,NEGATIVE_SANCTION_TO_PAYMENT,0.0,0.0,0.0,,
West Bengal,5741,83,1.4457411600766417,ACTUAL_ABOVE_SANCTION,0.0,0.0,0.0,,
West Bengal,5741,83,1.4457411600766417,DISBURSED_ABOVE_SANCTION,0.0,0.0,0.0,,
West Bengal,5741,83,1.4457411600766417,DISBURSED_MINUS_ACTUAL,0.0,0.0,0.0,,
West Bengal,5741,83,1.4457411600766417,DISBURSED_ABOVE_2X_PEER_MEDIAN,0.0,0.0,0.0,,
